[0m15:05:36.986582 [debug] [MainThread]: Sending event: {'category': 'dbt', 'action': 'invocation', 'label': 'start', 'context': [<snowplow_tracker.self_describing_json.SelfDescribingJson object at 0x10c99d400>, <snowplow_tracker.self_describing_json.SelfDescribingJson object at 0x10daf7750>, <snowplow_tracker.self_describing_json.SelfDescribingJson object at 0x10daf7890>]}


============================== 15:05:36.989933 | 55656f23-4232-48d1-94df-517847fc5b56 ==============================
[0m15:05:36.989933 [info ] [MainThread]: Running with dbt=1.11.12
[0m15:05:36.990251 [debug] [MainThread]: running dbt with arguments {'quiet': 'False', 'warn_error': 'None', 'debug': 'False', 'use_colors': 'True', 'send_anonymous_usage_stats': 'True', 'introspect': 'True', 'invocation_command': 'dbt debug --profiles-dir .', 'printer_width': '80', 'version_check': 'True', 'profiles_dir': '.', 'log_path': '/Users/samarth16/projectos/Quackdb/QuackDB/dbt_pipeline/logs', 'no_print': 'None', 'log_cache_events': 'False', 'fail_fast': 'False', 'write_json': 'True', 'warn_error_options': 'WarnErrorOptionsV2(error=[], warn=[], silence=[])', 'partial_parse': 'True', 'cache_selected_only': 'False', 'target_path': 'None', 'indirect_selection': 'eager', 'empty': 'None', 'static_parser': 'True', 'log_format': 'default', 'use_experimental_parser': 'False'}
[0m15:05:37.000876 [info ] [MainThread]: dbt version: 1.11.12
[0m15:05:37.001128 [info ] [MainThread]: python version: 3.13.1
[0m15:05:37.001275 [info ] [MainThread]: python path: /Library/Frameworks/Python.framework/Versions/3.13/bin/python3.13
[0m15:05:37.001406 [info ] [MainThread]: os info: macOS-26.4-arm64-arm-64bit-Mach-O
[0m15:05:37.488134 [info ] [MainThread]: Using profiles dir at .
[0m15:05:37.488400 [info ] [MainThread]: Using profiles.yml file at ./profiles.yml
[0m15:05:37.488559 [info ] [MainThread]: Using dbt_project.yml file at /Users/samarth16/projectos/Quackdb/QuackDB/dbt_pipeline/dbt_project.yml
[0m15:05:37.489566 [info ] [MainThread]: adapter type: duckdb
[0m15:05:37.489710 [info ] [MainThread]: adapter version: 1.10.1
[0m15:05:37.535833 [info ] [MainThread]: Configuration:
[0m15:05:37.536117 [info ] [MainThread]:   profiles.yml file [[32mOK found and valid[0m]
[0m15:05:37.536282 [info ] [MainThread]:   dbt_project.yml file [[32mOK found and valid[0m]
[0m15:05:37.536422 [info ] [MainThread]: Required dependencies:
[0m15:05:37.536688 [debug] [MainThread]: Executing "git --help"
[0m15:05:37.550342 [debug] [MainThread]: STDOUT: "b"usage: git [-v | --version] [-h | --help] [-C <path>] [-c <name>=<value>]\n           [--exec-path[=<path>]] [--html-path] [--man-path] [--info-path]\n           [-p | --paginate | -P | --no-pager] [--no-replace-objects] [--no-lazy-fetch]\n           [--no-optional-locks] [--no-advice] [--bare] [--git-dir=<path>]\n           [--work-tree=<path>] [--namespace=<name>] [--config-env=<name>=<envvar>]\n           <command> [<args>]\n\nThese are common Git commands used in various situations:\n\nstart a working area (see also: git help tutorial)\n   clone      Clone a repository into a new directory\n   init       Create an empty Git repository or reinitialize an existing one\n\nwork on the current change (see also: git help everyday)\n   add        Add file contents to the index\n   mv         Move or rename a file, a directory, or a symlink\n   restore    Restore working tree files\n   rm         Remove files from the working tree and from the index\n\nexamine the history and state (see also: git help revisions)\n   bisect     Use binary search to find the commit that introduced a bug\n   diff       Show changes between commits, commit and working tree, etc\n   grep       Print lines matching a pattern\n   log        Show commit logs\n   show       Show various types of objects\n   status     Show the working tree status\n\ngrow, mark and tweak your common history\n   backfill   Download missing objects in a partial clone\n   branch     List, create, or delete branches\n   commit     Record changes to the repository\n   merge      Join two or more development histories together\n   rebase     Reapply commits on top of another base tip\n   reset      Reset current HEAD to the specified state\n   switch     Switch branches\n   tag        Create, list, delete or verify a tag object signed with GPG\n\ncollaborate (see also: git help workflows)\n   fetch      Download objects and refs from another repository\n   pull       Fetch from and integrate with another repository or a local branch\n   push       Update remote refs along with associated objects\n\n'git help -a' and 'git help -g' list available subcommands and some\nconcept guides. See 'git help <command>' or 'git help <concept>'\nto read about a specific subcommand or concept.\nSee 'git help git' for an overview of the system.\n""
[0m15:05:37.551132 [debug] [MainThread]: STDERR: "b''"
[0m15:05:37.551338 [info ] [MainThread]:  - git [[32mOK found[0m]

[0m15:05:37.551511 [info ] [MainThread]: Connection:
[0m15:05:37.551693 [info ] [MainThread]:   database: quackdb
[0m15:05:37.551820 [info ] [MainThread]:   schema: main
[0m15:05:37.551937 [info ] [MainThread]:   path: ../data/quackdb.db
[0m15:05:37.552055 [info ] [MainThread]:   config_options: None
[0m15:05:37.552170 [info ] [MainThread]:   extensions: ['parquet']
[0m15:05:37.552282 [info ] [MainThread]:   settings: {}
[0m15:05:37.552399 [info ] [MainThread]:   external_root: .
[0m15:05:37.552509 [info ] [MainThread]:   use_credential_provider: None
[0m15:05:37.552623 [info ] [MainThread]:   attach: None
[0m15:05:37.552734 [info ] [MainThread]:   filesystems: None
[0m15:05:37.552842 [info ] [MainThread]:   remote: None
[0m15:05:37.552953 [info ] [MainThread]:   plugins: None
[0m15:05:37.553063 [info ] [MainThread]:   disable_transactions: False
[0m15:05:37.553414 [info ] [MainThread]: Registered adapter: duckdb=1.10.1
[0m15:05:37.609810 [debug] [MainThread]: Acquiring new duckdb connection 'debug'
[0m15:05:37.661599 [debug] [MainThread]: Using duckdb connection "debug"
[0m15:05:37.661841 [debug] [MainThread]: On debug: select 1 as id
[0m15:05:37.661999 [debug] [MainThread]: Opening a new connection, currently in state init
[0m15:05:38.175850 [debug] [MainThread]: SQL status: OK in 0.514 seconds
[0m15:05:38.176511 [debug] [MainThread]: On debug: Close
[0m15:05:38.176744 [info ] [MainThread]:   Connection test: [[32mOK connection ok[0m]

[0m15:05:38.176913 [info ] [MainThread]: [32mAll checks passed![0m
[0m15:05:38.196220 [debug] [MainThread]: Resource report: {"command_name": "debug", "command_success": true, "command_wall_clock_time": 1.2567291, "process_in_blocks": "0", "process_kernel_time": 0.284845, "process_mem_max_rss": "172687360", "process_out_blocks": "0", "process_user_time": 0.930504}
[0m15:05:38.196627 [debug] [MainThread]: Command `dbt debug` succeeded at 15:05:38.196550 after 1.26 seconds
[0m15:05:38.196814 [debug] [MainThread]: Connection 'debug' was properly closed.
[0m15:05:38.197016 [debug] [MainThread]: Sending event: {'category': 'dbt', 'action': 'invocation', 'label': 'end', 'context': [<snowplow_tracker.self_describing_json.SelfDescribingJson object at 0x10ddb16e0>, <snowplow_tracker.self_describing_json.SelfDescribingJson object at 0x10c95fe30>, <snowplow_tracker.self_describing_json.SelfDescribingJson object at 0x10dbd3240>]}
[0m15:05:38.197235 [debug] [MainThread]: Flushing usage events
[0m15:05:38.381091 [debug] [MainThread]: An error was encountered while trying to flush usage events
[0m17:45:52.371247 [debug] [MainThread]: Sending event: {'category': 'dbt', 'action': 'invocation', 'label': 'start', 'context': [<snowplow_tracker.self_describing_json.SelfDescribingJson object at 0x10a585400>, <snowplow_tracker.self_describing_json.SelfDescribingJson object at 0x10b75b750>, <snowplow_tracker.self_describing_json.SelfDescribingJson object at 0x10b75b890>]}


============================== 17:45:52.374256 | aa9f56e6-cc33-42f6-80da-a42d7c73bb58 ==============================
[0m17:45:52.374256 [info ] [MainThread]: Running with dbt=1.11.12
[0m17:45:52.374569 [debug] [MainThread]: running dbt with arguments {'target_path': 'None', 'log_path': '/Users/samarth16/projectos/Quackdb/QuackDB/dbt_pipeline/logs', 'debug': 'False', 'invocation_command': 'dbt run --profiles-dir .', 'cache_selected_only': 'False', 'log_format': 'default', 'use_experimental_parser': 'False', 'introspect': 'True', 'partial_parse': 'True', 'static_parser': 'True', 'printer_width': '80', 'profiles_dir': '.', 'fail_fast': 'False', 'warn_error': 'None', 'send_anonymous_usage_stats': 'True', 'use_colors': 'True', 'quiet': 'False', 'empty': 'False', 'version_check': 'True', 'log_cache_events': 'False', 'no_print': 'None', 'warn_error_options': 'WarnErrorOptionsV2(error=[], warn=[], silence=[])', 'indirect_selection': 'eager', 'write_json': 'True'}
[0m17:45:52.602188 [debug] [MainThread]: Sending event: {'category': 'dbt', 'action': 'project_id', 'label': 'aa9f56e6-cc33-42f6-80da-a42d7c73bb58', 'context': [<snowplow_tracker.self_describing_json.SelfDescribingJson object at 0x10a9e62c0>]}
[0m17:45:52.632158 [debug] [MainThread]: Sending event: {'category': 'dbt', 'action': 'adapter_info', 'label': 'aa9f56e6-cc33-42f6-80da-a42d7c73bb58', 'context': [<snowplow_tracker.self_describing_json.SelfDescribingJson object at 0x10b7a28b0>]}
[0m17:45:52.633409 [info ] [MainThread]: Registered adapter: duckdb=1.10.1
[0m17:45:52.684289 [debug] [MainThread]: checksum: f368f5348cf42803b94ef7fb8257ecf3bf9a9a16dd9c8c51fe5172f2dbeb457f, vars: {}, profile: , target: , version: 1.11.12
[0m17:45:52.684717 [info ] [MainThread]: Unable to do partial parsing because saved manifest not found. Starting full parse.
[0m17:45:52.684925 [debug] [MainThread]: Sending event: {'category': 'dbt', 'action': 'partial_parser', 'label': 'aa9f56e6-cc33-42f6-80da-a42d7c73bb58', 'context': [<snowplow_tracker.self_describing_json.SelfDescribingJson object at 0x10b83d950>]}
[0m17:45:53.178370 [debug] [MainThread]: Sending event: {'category': 'dbt', 'action': 'load_project', 'label': 'aa9f56e6-cc33-42f6-80da-a42d7c73bb58', 'context': [<snowplow_tracker.self_describing_json.SelfDescribingJson object at 0x10b6f7f20>]}
[0m17:45:53.208059 [debug] [MainThread]: Wrote artifact WritableManifest to /Users/samarth16/projectos/Quackdb/QuackDB/dbt_pipeline/target/manifest.json
[0m17:45:53.209369 [debug] [MainThread]: Wrote artifact SemanticManifest to /Users/samarth16/projectos/Quackdb/QuackDB/dbt_pipeline/target/semantic_manifest.json
[0m17:45:53.215979 [debug] [MainThread]: Sending event: {'category': 'dbt', 'action': 'resource_counts', 'label': 'aa9f56e6-cc33-42f6-80da-a42d7c73bb58', 'context': [<snowplow_tracker.self_describing_json.SelfDescribingJson object at 0x10bd96350>]}
[0m17:45:53.216187 [info ] [MainThread]: Found 3 models, 485 macros
[0m17:45:53.216351 [debug] [MainThread]: Sending event: {'category': 'dbt', 'action': 'runnable_timing', 'label': 'aa9f56e6-cc33-42f6-80da-a42d7c73bb58', 'context': [<snowplow_tracker.self_describing_json.SelfDescribingJson object at 0x10bbcab60>]}
[0m17:45:53.217189 [info ] [MainThread]: 
[0m17:45:53.217365 [info ] [MainThread]: Concurrency: 1 threads (target='dev')
[0m17:45:53.217491 [info ] [MainThread]: 
[0m17:45:53.217704 [debug] [MainThread]: Acquiring new duckdb connection 'master'
[0m17:45:53.219729 [debug] [ThreadPool]: Acquiring new duckdb connection 'list_quackdb'
[0m17:45:53.255780 [debug] [ThreadPool]: Using duckdb connection "list_quackdb"
[0m17:45:53.255985 [debug] [ThreadPool]: On list_quackdb: /* {"app": "dbt", "dbt_version": "1.11.12", "profile_name": "quackdb_profile", "target_name": "dev", "connection_name": "list_quackdb"} */

    
    select schema_name
    from system.information_schema.schemata
    
    where lower(catalog_name) = '"quackdb"'
    
  
  
[0m17:45:53.256123 [debug] [ThreadPool]: Opening a new connection, currently in state init
[0m17:45:53.274818 [debug] [ThreadPool]: SQL status: OK in 0.019 seconds
[0m17:45:53.275517 [debug] [ThreadPool]: On list_quackdb: Close
[0m17:45:53.275855 [debug] [ThreadPool]: Re-using an available connection from the pool (formerly list_quackdb, now create_quackdb_main)
[0m17:45:53.276075 [debug] [ThreadPool]: Creating schema "database: "quackdb"
schema: "main"
"
[0m17:45:53.279178 [debug] [ThreadPool]: Using duckdb connection "create_quackdb_main"
[0m17:45:53.279339 [debug] [ThreadPool]: On create_quackdb_main: /* {"app": "dbt", "dbt_version": "1.11.12", "profile_name": "quackdb_profile", "target_name": "dev", "connection_name": "create_quackdb_main"} */

    
        select type from duckdb_databases()
        where lower(database_name)='quackdb'
        and type='sqlite'
    
  
[0m17:45:53.279465 [debug] [ThreadPool]: Opening a new connection, currently in state closed
[0m17:45:53.280537 [debug] [ThreadPool]: SQL status: OK in 0.001 seconds
[0m17:45:53.281110 [debug] [ThreadPool]: Using duckdb connection "create_quackdb_main"
[0m17:45:53.281233 [debug] [ThreadPool]: On create_quackdb_main: BEGIN
[0m17:45:53.281409 [debug] [ThreadPool]: SQL status: OK in 0.000 seconds
[0m17:45:53.281525 [debug] [ThreadPool]: Using duckdb connection "create_quackdb_main"
[0m17:45:53.281641 [debug] [ThreadPool]: On create_quackdb_main: /* {"app": "dbt", "dbt_version": "1.11.12", "profile_name": "quackdb_profile", "target_name": "dev", "connection_name": "create_quackdb_main"} */

    
    
        create schema if not exists "quackdb"."main"
    
[0m17:45:53.281886 [debug] [ThreadPool]: SQL status: OK in 0.000 seconds
[0m17:45:53.282330 [debug] [ThreadPool]: On create_quackdb_main: COMMIT
[0m17:45:53.282481 [debug] [ThreadPool]: Using duckdb connection "create_quackdb_main"
[0m17:45:53.282611 [debug] [ThreadPool]: On create_quackdb_main: COMMIT
[0m17:45:53.282792 [debug] [ThreadPool]: SQL status: OK in 0.000 seconds
[0m17:45:53.282919 [debug] [ThreadPool]: On create_quackdb_main: Close
[0m17:45:53.283444 [debug] [ThreadPool]: Re-using an available connection from the pool (formerly create_quackdb_main, now list_quackdb_main)
[0m17:45:53.287186 [debug] [ThreadPool]: Using duckdb connection "list_quackdb_main"
[0m17:45:53.287354 [debug] [ThreadPool]: On list_quackdb_main: BEGIN
[0m17:45:53.287483 [debug] [ThreadPool]: Opening a new connection, currently in state closed
[0m17:45:53.287725 [debug] [ThreadPool]: SQL status: OK in 0.000 seconds
[0m17:45:53.287904 [debug] [ThreadPool]: Using duckdb connection "list_quackdb_main"
[0m17:45:53.288053 [debug] [ThreadPool]: On list_quackdb_main: /* {"app": "dbt", "dbt_version": "1.11.12", "profile_name": "quackdb_profile", "target_name": "dev", "connection_name": "list_quackdb_main"} */
select
      'quackdb' as database,
      table_name as name,
      table_schema as schema,
      CASE table_type
        WHEN 'BASE TABLE' THEN 'table'
        WHEN 'VIEW' THEN 'view'
        WHEN 'LOCAL TEMPORARY' THEN 'table'
        END as type
    from system.information_schema.tables
    where lower(table_schema) = 'main'
    and lower(table_catalog) = 'quackdb'
  
[0m17:45:53.290031 [debug] [ThreadPool]: SQL status: OK in 0.002 seconds
[0m17:45:53.290787 [debug] [ThreadPool]: On list_quackdb_main: ROLLBACK
[0m17:45:53.291598 [debug] [ThreadPool]: Failed to rollback 'list_quackdb_main'
[0m17:45:53.291772 [debug] [ThreadPool]: On list_quackdb_main: Close
[0m17:45:53.292210 [debug] [MainThread]: Sending event: {'category': 'dbt', 'action': 'runnable_timing', 'label': 'aa9f56e6-cc33-42f6-80da-a42d7c73bb58', 'context': [<snowplow_tracker.self_describing_json.SelfDescribingJson object at 0x10be153d0>]}
[0m17:45:53.292434 [debug] [MainThread]: Using duckdb connection "master"
[0m17:45:53.292561 [debug] [MainThread]: On master: BEGIN
[0m17:45:53.292672 [debug] [MainThread]: Opening a new connection, currently in state init
[0m17:45:53.292879 [debug] [MainThread]: SQL status: OK in 0.000 seconds
[0m17:45:53.292998 [debug] [MainThread]: On master: COMMIT
[0m17:45:53.293116 [debug] [MainThread]: Using duckdb connection "master"
[0m17:45:53.293228 [debug] [MainThread]: On master: COMMIT
[0m17:45:53.293393 [debug] [MainThread]: SQL status: OK in 0.000 seconds
[0m17:45:53.293510 [debug] [MainThread]: On master: Close
[0m17:45:53.294785 [debug] [Thread-1 (]: Began running node model.quackdb_pipeline.stg_inference_logs
[0m17:45:53.295039 [info ] [Thread-1 (]: 1 of 3 START sql view model main.stg_inference_logs ............................ [RUN]
[0m17:45:53.295238 [debug] [Thread-1 (]: Re-using an available connection from the pool (formerly list_quackdb_main, now model.quackdb_pipeline.stg_inference_logs)
[0m17:45:53.295394 [debug] [Thread-1 (]: Began compiling node model.quackdb_pipeline.stg_inference_logs
[0m17:45:53.298678 [debug] [Thread-1 (]: Writing injected SQL for node "model.quackdb_pipeline.stg_inference_logs"
[0m17:45:53.299210 [debug] [Thread-1 (]: Began executing node model.quackdb_pipeline.stg_inference_logs
[0m17:45:53.314047 [debug] [Thread-1 (]: Writing runtime sql for node "model.quackdb_pipeline.stg_inference_logs"
[0m17:45:53.314699 [debug] [Thread-1 (]: Using duckdb connection "model.quackdb_pipeline.stg_inference_logs"
[0m17:45:53.314874 [debug] [Thread-1 (]: On model.quackdb_pipeline.stg_inference_logs: BEGIN
[0m17:45:53.315031 [debug] [Thread-1 (]: Opening a new connection, currently in state closed
[0m17:45:53.315342 [debug] [Thread-1 (]: SQL status: OK in 0.000 seconds
[0m17:45:53.315492 [debug] [Thread-1 (]: Using duckdb connection "model.quackdb_pipeline.stg_inference_logs"
[0m17:45:53.315663 [debug] [Thread-1 (]: On model.quackdb_pipeline.stg_inference_logs: /* {"app": "dbt", "dbt_version": "1.11.12", "profile_name": "quackdb_profile", "target_name": "dev", "node_id": "model.quackdb_pipeline.stg_inference_logs"} */

  
  create view "quackdb"."main"."stg_inference_logs__dbt_tmp" as (
    

with raw_source as (
    select * from raw_logs
)

select
    cast(request_id as string) as request_id,
    cast(timestamp as timestamp) as created_at,
    cast(node_id as string) as node_id,
    cast(hardware_tier as string) as hardware_tier,
    cast(model_configuration as string) as model_configuration,
    cast(load_balancer_algo as string) as load_balancer_algo,
    cast(tokens_processed as integer) as tokens_processed,
    cast(time_to_first_token_ms as double) as ttft_ms,
    cast(tokens_per_second as double) as tokens_per_sec,
    cast(network_delay_ms as double) as network_delay_ms,
    cast(serialization_overhead_ms as double) as serialization_overhead_ms,
    cast(estimated_cost_usd as double) as cost_usd,
    cast(http_status_code as integer) as status_code
from raw_source
  );

[0m17:45:53.322169 [debug] [Thread-1 (]: DuckDB adapter: duckdb error: IO Error: No files found that match the pattern "data/raw_inference_logs.parquet"

LINE 1: ..."app": "dbt", "dbt_version": "1.11.12", "profile_name": "quackdb_profile", "target_name": "dev", "node_id": "model.quackdb...
                                                                          ^
[0m17:45:53.322415 [debug] [Thread-1 (]: DuckDB adapter: Error running SQL: /* {"app": "dbt", "dbt_version": "1.11.12", "profile_name": "quackdb_profile", "target_name": "dev", "node_id": "model.quackdb_pipeline.stg_inference_logs"} */

  
  create view "quackdb"."main"."stg_inference_logs__dbt_tmp" as (
    

with raw_source as (
    select * from raw_logs
)

select
    cast(request_id as string) as request_id,
    cast(timestamp as timestamp) as created_at,
    cast(node_id as string) as node_id,
    cast(hardware_tier as string) as hardware_tier,
    cast(model_configuration as string) as model_configuration,
    cast(load_balancer_algo as string) as load_balancer_algo,
    cast(tokens_processed as integer) as tokens_processed,
    cast(time_to_first_token_ms as double) as ttft_ms,
    cast(tokens_per_second as double) as tokens_per_sec,
    cast(network_delay_ms as double) as network_delay_ms,
    cast(serialization_overhead_ms as double) as serialization_overhead_ms,
    cast(estimated_cost_usd as double) as cost_usd,
    cast(http_status_code as integer) as status_code
from raw_source
  );

[0m17:45:53.322604 [debug] [Thread-1 (]: DuckDB adapter: Rolling back transaction.
[0m17:45:53.322759 [debug] [Thread-1 (]: On model.quackdb_pipeline.stg_inference_logs: ROLLBACK
[0m17:45:53.324113 [debug] [Thread-1 (]: Failed to rollback 'model.quackdb_pipeline.stg_inference_logs'
[0m17:45:53.324353 [debug] [Thread-1 (]: On model.quackdb_pipeline.stg_inference_logs: Close
[0m17:45:53.330057 [debug] [Thread-1 (]: Runtime Error in model stg_inference_logs (models/staging/stg_inference_logs.sql)
  IO Error: No files found that match the pattern "data/raw_inference_logs.parquet"
  
  LINE 1: ..."app": "dbt", "dbt_version": "1.11.12", "profile_name": "quackdb_profile", "target_name": "dev", "node_id": "model.quackdb...
                                                                            ^
[0m17:45:53.331124 [debug] [Thread-1 (]: Sending event: {'category': 'dbt', 'action': 'run_model', 'label': 'aa9f56e6-cc33-42f6-80da-a42d7c73bb58', 'context': [<snowplow_tracker.self_describing_json.SelfDescribingJson object at 0x10be3f330>]}
[0m17:45:53.331478 [error] [Thread-1 (]: 1 of 3 ERROR creating sql view model main.stg_inference_logs ................... [[31mERROR[0m in 0.04s]
[0m17:45:53.331768 [debug] [Thread-1 (]: Finished running node model.quackdb_pipeline.stg_inference_logs
[0m17:45:53.332041 [debug] [Thread-4 (]: Marking all children of 'model.quackdb_pipeline.stg_inference_logs' to be skipped because of status 'error'.  Reason: Runtime Error in model stg_inference_logs (models/staging/stg_inference_logs.sql)
  IO Error: No files found that match the pattern "data/raw_inference_logs.parquet"
  
  LINE 1: ..."app": "dbt", "dbt_version": "1.11.12", "profile_name": "quackdb_profile", "target_name": "dev", "node_id": "model.quackdb...
                                                                            ^.
[0m17:45:53.332697 [debug] [Thread-1 (]: Began running node model.quackdb_pipeline.dim_hardware_nodes
[0m17:45:53.332894 [info ] [Thread-1 (]: 2 of 3 SKIP relation main.dim_hardware_nodes ................................... [[33mSKIP[0m]
[0m17:45:53.333313 [debug] [Thread-1 (]: Finished running node model.quackdb_pipeline.dim_hardware_nodes
[0m17:45:53.333549 [debug] [Thread-1 (]: Began running node model.quackdb_pipeline.fct_inference_requests
[0m17:45:53.333752 [info ] [Thread-1 (]: 3 of 3 SKIP relation main.fct_inference_requests ............................... [[33mSKIP[0m]
[0m17:45:53.333985 [debug] [Thread-1 (]: Finished running node model.quackdb_pipeline.fct_inference_requests
[0m17:45:53.334996 [debug] [MainThread]: Using duckdb connection "master"
[0m17:45:53.335162 [debug] [MainThread]: On master: BEGIN
[0m17:45:53.335296 [debug] [MainThread]: Opening a new connection, currently in state closed
[0m17:45:53.335718 [debug] [MainThread]: SQL status: OK in 0.000 seconds
[0m17:45:53.335850 [debug] [MainThread]: On master: COMMIT
[0m17:45:53.335973 [debug] [MainThread]: Using duckdb connection "master"
[0m17:45:53.336091 [debug] [MainThread]: On master: COMMIT
[0m17:45:53.336288 [debug] [MainThread]: SQL status: OK in 0.000 seconds
[0m17:45:53.336413 [debug] [MainThread]: On master: Close
[0m17:45:53.336587 [debug] [MainThread]: Connection 'master' was properly closed.
[0m17:45:53.336708 [debug] [MainThread]: Connection 'model.quackdb_pipeline.stg_inference_logs' was properly closed.
[0m17:45:53.336869 [info ] [MainThread]: 
[0m17:45:53.337209 [info ] [MainThread]: Finished running 2 table models, 1 view model in 0 hours 0 minutes and 0.12 seconds (0.12s).
[0m17:45:53.338173 [debug] [MainThread]: Command end result
[0m17:45:53.358755 [debug] [MainThread]: Wrote artifact WritableManifest to /Users/samarth16/projectos/Quackdb/QuackDB/dbt_pipeline/target/manifest.json
[0m17:45:53.360210 [debug] [MainThread]: Wrote artifact SemanticManifest to /Users/samarth16/projectos/Quackdb/QuackDB/dbt_pipeline/target/semantic_manifest.json
[0m17:45:53.363791 [debug] [MainThread]: Wrote artifact RunExecutionResult to /Users/samarth16/projectos/Quackdb/QuackDB/dbt_pipeline/target/run_results.json
[0m17:45:53.363983 [info ] [MainThread]: 
[0m17:45:53.364246 [info ] [MainThread]: [31mCompleted with 1 error, 0 partial successes, and 0 warnings:[0m
[0m17:45:53.364425 [info ] [MainThread]: 
[0m17:45:53.364626 [error] [MainThread]: [31mFailure in model stg_inference_logs (models/staging/stg_inference_logs.sql)[0m
[0m17:45:53.364852 [error] [MainThread]:   Runtime Error in model stg_inference_logs (models/staging/stg_inference_logs.sql)
  IO Error: No files found that match the pattern "data/raw_inference_logs.parquet"
  
  LINE 1: ..."app": "dbt", "dbt_version": "1.11.12", "profile_name": "quackdb_profile", "target_name": "dev", "node_id": "model.quackdb...
                                                                            ^
[0m17:45:53.365055 [info ] [MainThread]: 
[0m17:45:53.365253 [info ] [MainThread]:   compiled code at target/compiled/quackdb_pipeline/models/staging/stg_inference_logs.sql
[0m17:45:53.365431 [info ] [MainThread]: 
[0m17:45:53.365603 [info ] [MainThread]: Done. PASS=0 WARN=0 ERROR=1 SKIP=2 NO-OP=0 TOTAL=3
[0m17:45:53.368778 [debug] [MainThread]: Resource report: {"command_name": "run", "command_success": false, "command_wall_clock_time": 1.0446932, "process_in_blocks": "0", "process_kernel_time": 0.242227, "process_mem_max_rss": "156811264", "process_out_blocks": "0", "process_user_time": 1.354501}
[0m17:45:53.369044 [debug] [MainThread]: Command `dbt run` failed at 17:45:53.368995 after 1.05 seconds
[0m17:45:53.369374 [debug] [MainThread]: Sending event: {'category': 'dbt', 'action': 'invocation', 'label': 'end', 'context': [<snowplow_tracker.self_describing_json.SelfDescribingJson object at 0x10c173ed0>, <snowplow_tracker.self_describing_json.SelfDescribingJson object at 0x10be0db50>, <snowplow_tracker.self_describing_json.SelfDescribingJson object at 0x10beaefd0>]}
[0m17:45:53.369572 [debug] [MainThread]: Flushing usage events
[0m17:45:53.536213 [debug] [MainThread]: An error was encountered while trying to flush usage events
[0m17:46:16.558916 [debug] [MainThread]: Sending event: {'category': 'dbt', 'action': 'invocation', 'label': 'start', 'context': [<snowplow_tracker.self_describing_json.SelfDescribingJson object at 0x10ca1d400>, <snowplow_tracker.self_describing_json.SelfDescribingJson object at 0x10dbf3750>, <snowplow_tracker.self_describing_json.SelfDescribingJson object at 0x10dbf3890>]}


============================== 17:46:16.563072 | ff4cb3a9-7fb4-41ec-bdb6-6944a80abcff ==============================
[0m17:46:16.563072 [info ] [MainThread]: Running with dbt=1.11.12
[0m17:46:16.563414 [debug] [MainThread]: running dbt with arguments {'partial_parse': 'True', 'send_anonymous_usage_stats': 'True', 'profiles_dir': '.', 'write_json': 'True', 'indirect_selection': 'eager', 'target_path': 'None', 'warn_error': 'None', 'no_print': 'None', 'version_check': 'True', 'debug': 'False', 'static_parser': 'True', 'printer_width': '80', 'log_format': 'default', 'warn_error_options': 'WarnErrorOptionsV2(error=[], warn=[], silence=[])', 'use_colors': 'True', 'cache_selected_only': 'False', 'fail_fast': 'False', 'log_cache_events': 'False', 'invocation_command': 'dbt run --profiles-dir .', 'quiet': 'False', 'empty': 'False', 'use_experimental_parser': 'False', 'introspect': 'True', 'log_path': '/Users/samarth16/projectos/Quackdb/QuackDB/dbt_pipeline/logs'}
[0m17:46:17.157262 [debug] [MainThread]: Sending event: {'category': 'dbt', 'action': 'project_id', 'label': 'ff4cb3a9-7fb4-41ec-bdb6-6944a80abcff', 'context': [<snowplow_tracker.self_describing_json.SelfDescribingJson object at 0x10ce7e2c0>]}
[0m17:46:17.191776 [debug] [MainThread]: Sending event: {'category': 'dbt', 'action': 'adapter_info', 'label': 'ff4cb3a9-7fb4-41ec-bdb6-6944a80abcff', 'context': [<snowplow_tracker.self_describing_json.SelfDescribingJson object at 0x10dc3e8b0>]}
[0m17:46:17.193776 [info ] [MainThread]: Registered adapter: duckdb=1.10.1
[0m17:46:17.269454 [debug] [MainThread]: checksum: f368f5348cf42803b94ef7fb8257ecf3bf9a9a16dd9c8c51fe5172f2dbeb457f, vars: {}, profile: , target: , version: 1.11.12
[0m17:46:18.232530 [debug] [MainThread]: Partial parsing enabled: 0 files deleted, 0 files added, 0 files changed.
[0m17:46:18.232871 [debug] [MainThread]: Nothing changed, skipping partial parsing.
[0m17:46:18.233011 [debug] [MainThread]: Partial parsing enabled, no changes found, skipping parsing
[0m17:46:18.247029 [debug] [MainThread]: Sending event: {'category': 'dbt', 'action': 'load_project', 'label': 'ff4cb3a9-7fb4-41ec-bdb6-6944a80abcff', 'context': [<snowplow_tracker.self_describing_json.SelfDescribingJson object at 0x10dcd9050>]}
[0m17:46:18.279544 [debug] [MainThread]: Wrote artifact WritableManifest to /Users/samarth16/projectos/Quackdb/QuackDB/dbt_pipeline/target/manifest.json
[0m17:46:18.282545 [debug] [MainThread]: Wrote artifact SemanticManifest to /Users/samarth16/projectos/Quackdb/QuackDB/dbt_pipeline/target/semantic_manifest.json
[0m17:46:18.296519 [debug] [MainThread]: Sending event: {'category': 'dbt', 'action': 'resource_counts', 'label': 'ff4cb3a9-7fb4-41ec-bdb6-6944a80abcff', 'context': [<snowplow_tracker.self_describing_json.SelfDescribingJson object at 0x10db93b60>]}
[0m17:46:18.296824 [info ] [MainThread]: Found 3 models, 485 macros
[0m17:46:18.296997 [debug] [MainThread]: Sending event: {'category': 'dbt', 'action': 'runnable_timing', 'label': 'ff4cb3a9-7fb4-41ec-bdb6-6944a80abcff', 'context': [<snowplow_tracker.self_describing_json.SelfDescribingJson object at 0x10e255550>]}
[0m17:46:18.297985 [info ] [MainThread]: 
[0m17:46:18.298170 [info ] [MainThread]: Concurrency: 1 threads (target='dev')
[0m17:46:18.298301 [info ] [MainThread]: 
[0m17:46:18.298558 [debug] [MainThread]: Acquiring new duckdb connection 'master'
[0m17:46:18.300916 [debug] [ThreadPool]: Acquiring new duckdb connection 'list_quackdb'
[0m17:46:18.406004 [debug] [ThreadPool]: Using duckdb connection "list_quackdb"
[0m17:46:18.406235 [debug] [ThreadPool]: On list_quackdb: /* {"app": "dbt", "dbt_version": "1.11.12", "profile_name": "quackdb_profile", "target_name": "dev", "connection_name": "list_quackdb"} */

    
    select schema_name
    from system.information_schema.schemata
    
    where lower(catalog_name) = '"quackdb"'
    
  
  
[0m17:46:18.406375 [debug] [ThreadPool]: Opening a new connection, currently in state init
[0m17:46:18.531943 [debug] [ThreadPool]: SQL status: OK in 0.126 seconds
[0m17:46:18.534473 [debug] [ThreadPool]: On list_quackdb: Close
[0m17:46:18.534799 [debug] [ThreadPool]: Re-using an available connection from the pool (formerly list_quackdb, now create_quackdb_main)
[0m17:46:18.535003 [debug] [ThreadPool]: Creating schema "database: "quackdb"
schema: "main"
"
[0m17:46:18.538071 [debug] [ThreadPool]: Using duckdb connection "create_quackdb_main"
[0m17:46:18.538223 [debug] [ThreadPool]: On create_quackdb_main: /* {"app": "dbt", "dbt_version": "1.11.12", "profile_name": "quackdb_profile", "target_name": "dev", "connection_name": "create_quackdb_main"} */

    
        select type from duckdb_databases()
        where lower(database_name)='quackdb'
        and type='sqlite'
    
  
[0m17:46:18.538362 [debug] [ThreadPool]: Opening a new connection, currently in state closed
[0m17:46:18.540334 [debug] [ThreadPool]: SQL status: OK in 0.002 seconds
[0m17:46:18.540873 [debug] [ThreadPool]: Using duckdb connection "create_quackdb_main"
[0m17:46:18.541002 [debug] [ThreadPool]: On create_quackdb_main: BEGIN
[0m17:46:18.541171 [debug] [ThreadPool]: SQL status: OK in 0.000 seconds
[0m17:46:18.541276 [debug] [ThreadPool]: Using duckdb connection "create_quackdb_main"
[0m17:46:18.541381 [debug] [ThreadPool]: On create_quackdb_main: /* {"app": "dbt", "dbt_version": "1.11.12", "profile_name": "quackdb_profile", "target_name": "dev", "connection_name": "create_quackdb_main"} */

    
    
        create schema if not exists "quackdb"."main"
    
[0m17:46:18.541608 [debug] [ThreadPool]: SQL status: OK in 0.000 seconds
[0m17:46:18.541983 [debug] [ThreadPool]: On create_quackdb_main: COMMIT
[0m17:46:18.542132 [debug] [ThreadPool]: Using duckdb connection "create_quackdb_main"
[0m17:46:18.542261 [debug] [ThreadPool]: On create_quackdb_main: COMMIT
[0m17:46:18.542432 [debug] [ThreadPool]: SQL status: OK in 0.000 seconds
[0m17:46:18.542559 [debug] [ThreadPool]: On create_quackdb_main: Close
[0m17:46:18.543112 [debug] [ThreadPool]: Re-using an available connection from the pool (formerly create_quackdb_main, now list_quackdb_main)
[0m17:46:18.546153 [debug] [ThreadPool]: Using duckdb connection "list_quackdb_main"
[0m17:46:18.546327 [debug] [ThreadPool]: On list_quackdb_main: BEGIN
[0m17:46:18.546446 [debug] [ThreadPool]: Opening a new connection, currently in state closed
[0m17:46:18.546657 [debug] [ThreadPool]: SQL status: OK in 0.000 seconds
[0m17:46:18.546775 [debug] [ThreadPool]: Using duckdb connection "list_quackdb_main"
[0m17:46:18.546892 [debug] [ThreadPool]: On list_quackdb_main: /* {"app": "dbt", "dbt_version": "1.11.12", "profile_name": "quackdb_profile", "target_name": "dev", "connection_name": "list_quackdb_main"} */
select
      'quackdb' as database,
      table_name as name,
      table_schema as schema,
      CASE table_type
        WHEN 'BASE TABLE' THEN 'table'
        WHEN 'VIEW' THEN 'view'
        WHEN 'LOCAL TEMPORARY' THEN 'table'
        END as type
    from system.information_schema.tables
    where lower(table_schema) = 'main'
    and lower(table_catalog) = 'quackdb'
  
[0m17:46:18.552320 [debug] [ThreadPool]: SQL status: OK in 0.005 seconds
[0m17:46:18.554108 [debug] [ThreadPool]: On list_quackdb_main: ROLLBACK
[0m17:46:18.556770 [debug] [ThreadPool]: Failed to rollback 'list_quackdb_main'
[0m17:46:18.556913 [debug] [ThreadPool]: On list_quackdb_main: Close
[0m17:46:18.558529 [debug] [MainThread]: Sending event: {'category': 'dbt', 'action': 'runnable_timing', 'label': 'ff4cb3a9-7fb4-41ec-bdb6-6944a80abcff', 'context': [<snowplow_tracker.self_describing_json.SelfDescribingJson object at 0x10e25a8f0>]}
[0m17:46:18.558737 [debug] [MainThread]: Using duckdb connection "master"
[0m17:46:18.558859 [debug] [MainThread]: On master: BEGIN
[0m17:46:18.558972 [debug] [MainThread]: Opening a new connection, currently in state init
[0m17:46:18.559168 [debug] [MainThread]: SQL status: OK in 0.000 seconds
[0m17:46:18.559289 [debug] [MainThread]: On master: COMMIT
[0m17:46:18.559407 [debug] [MainThread]: Using duckdb connection "master"
[0m17:46:18.559519 [debug] [MainThread]: On master: COMMIT
[0m17:46:18.559687 [debug] [MainThread]: SQL status: OK in 0.000 seconds
[0m17:46:18.559806 [debug] [MainThread]: On master: Close
[0m17:46:18.566098 [debug] [Thread-1 (]: Began running node model.quackdb_pipeline.stg_inference_logs
[0m17:46:18.566333 [info ] [Thread-1 (]: 1 of 3 START sql view model main.stg_inference_logs ............................ [RUN]
[0m17:46:18.566531 [debug] [Thread-1 (]: Re-using an available connection from the pool (formerly list_quackdb_main, now model.quackdb_pipeline.stg_inference_logs)
[0m17:46:18.566683 [debug] [Thread-1 (]: Began compiling node model.quackdb_pipeline.stg_inference_logs
[0m17:46:18.569934 [debug] [Thread-1 (]: Writing injected SQL for node "model.quackdb_pipeline.stg_inference_logs"
[0m17:46:18.570276 [debug] [Thread-1 (]: Began executing node model.quackdb_pipeline.stg_inference_logs
[0m17:46:18.585111 [debug] [Thread-1 (]: Writing runtime sql for node "model.quackdb_pipeline.stg_inference_logs"
[0m17:46:18.585558 [debug] [Thread-1 (]: Using duckdb connection "model.quackdb_pipeline.stg_inference_logs"
[0m17:46:18.585725 [debug] [Thread-1 (]: On model.quackdb_pipeline.stg_inference_logs: BEGIN
[0m17:46:18.585871 [debug] [Thread-1 (]: Opening a new connection, currently in state closed
[0m17:46:18.586187 [debug] [Thread-1 (]: SQL status: OK in 0.000 seconds
[0m17:46:18.586330 [debug] [Thread-1 (]: Using duckdb connection "model.quackdb_pipeline.stg_inference_logs"
[0m17:46:18.586503 [debug] [Thread-1 (]: On model.quackdb_pipeline.stg_inference_logs: /* {"app": "dbt", "dbt_version": "1.11.12", "profile_name": "quackdb_profile", "target_name": "dev", "node_id": "model.quackdb_pipeline.stg_inference_logs"} */

  
  create view "quackdb"."main"."stg_inference_logs__dbt_tmp" as (
    

with raw_source as (
    select * from raw_logs
)

select
    cast(request_id as string) as request_id,
    cast(timestamp as timestamp) as created_at,
    cast(node_id as string) as node_id,
    cast(hardware_tier as string) as hardware_tier,
    cast(model_configuration as string) as model_configuration,
    cast(load_balancer_algo as string) as load_balancer_algo,
    cast(tokens_processed as integer) as tokens_processed,
    cast(time_to_first_token_ms as double) as ttft_ms,
    cast(tokens_per_second as double) as tokens_per_sec,
    cast(network_delay_ms as double) as network_delay_ms,
    cast(serialization_overhead_ms as double) as serialization_overhead_ms,
    cast(estimated_cost_usd as double) as cost_usd,
    cast(http_status_code as integer) as status_code
from raw_source
  );

[0m17:46:18.629245 [debug] [Thread-1 (]: DuckDB adapter: duckdb error: IO Error: No files found that match the pattern "data/raw_inference_logs.parquet"

LINE 1: ..."app": "dbt", "dbt_version": "1.11.12", "profile_name": "quackdb_profile", "target_name": "dev", "node_id": "model.quackdb...
                                                                          ^
[0m17:46:18.629467 [debug] [Thread-1 (]: DuckDB adapter: Error running SQL: /* {"app": "dbt", "dbt_version": "1.11.12", "profile_name": "quackdb_profile", "target_name": "dev", "node_id": "model.quackdb_pipeline.stg_inference_logs"} */

  
  create view "quackdb"."main"."stg_inference_logs__dbt_tmp" as (
    

with raw_source as (
    select * from raw_logs
)

select
    cast(request_id as string) as request_id,
    cast(timestamp as timestamp) as created_at,
    cast(node_id as string) as node_id,
    cast(hardware_tier as string) as hardware_tier,
    cast(model_configuration as string) as model_configuration,
    cast(load_balancer_algo as string) as load_balancer_algo,
    cast(tokens_processed as integer) as tokens_processed,
    cast(time_to_first_token_ms as double) as ttft_ms,
    cast(tokens_per_second as double) as tokens_per_sec,
    cast(network_delay_ms as double) as network_delay_ms,
    cast(serialization_overhead_ms as double) as serialization_overhead_ms,
    cast(estimated_cost_usd as double) as cost_usd,
    cast(http_status_code as integer) as status_code
from raw_source
  );

[0m17:46:18.629634 [debug] [Thread-1 (]: DuckDB adapter: Rolling back transaction.
[0m17:46:18.629779 [debug] [Thread-1 (]: On model.quackdb_pipeline.stg_inference_logs: ROLLBACK
[0m17:46:18.634048 [debug] [Thread-1 (]: Failed to rollback 'model.quackdb_pipeline.stg_inference_logs'
[0m17:46:18.634275 [debug] [Thread-1 (]: On model.quackdb_pipeline.stg_inference_logs: Close
[0m17:46:18.658394 [debug] [Thread-1 (]: Runtime Error in model stg_inference_logs (models/staging/stg_inference_logs.sql)
  IO Error: No files found that match the pattern "data/raw_inference_logs.parquet"
  
  LINE 1: ..."app": "dbt", "dbt_version": "1.11.12", "profile_name": "quackdb_profile", "target_name": "dev", "node_id": "model.quackdb...
                                                                            ^
[0m17:46:18.663279 [debug] [Thread-1 (]: Sending event: {'category': 'dbt', 'action': 'run_model', 'label': 'ff4cb3a9-7fb4-41ec-bdb6-6944a80abcff', 'context': [<snowplow_tracker.self_describing_json.SelfDescribingJson object at 0x10e09ebd0>]}
[0m17:46:18.663642 [error] [Thread-1 (]: 1 of 3 ERROR creating sql view model main.stg_inference_logs ................... [[31mERROR[0m in 0.09s]
[0m17:46:18.663932 [debug] [Thread-1 (]: Finished running node model.quackdb_pipeline.stg_inference_logs
[0m17:46:18.664176 [debug] [Thread-4 (]: Marking all children of 'model.quackdb_pipeline.stg_inference_logs' to be skipped because of status 'error'.  Reason: Runtime Error in model stg_inference_logs (models/staging/stg_inference_logs.sql)
  IO Error: No files found that match the pattern "data/raw_inference_logs.parquet"
  
  LINE 1: ..."app": "dbt", "dbt_version": "1.11.12", "profile_name": "quackdb_profile", "target_name": "dev", "node_id": "model.quackdb...
                                                                            ^.
[0m17:46:18.664859 [debug] [Thread-1 (]: Began running node model.quackdb_pipeline.dim_hardware_nodes
[0m17:46:18.665086 [info ] [Thread-1 (]: 2 of 3 SKIP relation main.dim_hardware_nodes ................................... [[33mSKIP[0m]
[0m17:46:18.665302 [debug] [Thread-1 (]: Finished running node model.quackdb_pipeline.dim_hardware_nodes
[0m17:46:18.665481 [debug] [Thread-1 (]: Began running node model.quackdb_pipeline.fct_inference_requests
[0m17:46:18.665671 [info ] [Thread-1 (]: 3 of 3 SKIP relation main.fct_inference_requests ............................... [[33mSKIP[0m]
[0m17:46:18.665852 [debug] [Thread-1 (]: Finished running node model.quackdb_pipeline.fct_inference_requests
[0m17:46:18.666360 [debug] [MainThread]: Using duckdb connection "master"
[0m17:46:18.666499 [debug] [MainThread]: On master: BEGIN
[0m17:46:18.666616 [debug] [MainThread]: Opening a new connection, currently in state closed
[0m17:46:18.666910 [debug] [MainThread]: SQL status: OK in 0.000 seconds
[0m17:46:18.667027 [debug] [MainThread]: On master: COMMIT
[0m17:46:18.667138 [debug] [MainThread]: Using duckdb connection "master"
[0m17:46:18.667251 [debug] [MainThread]: On master: COMMIT
[0m17:46:18.667483 [debug] [MainThread]: SQL status: OK in 0.000 seconds
[0m17:46:18.667597 [debug] [MainThread]: On master: Close
[0m17:46:18.667746 [debug] [MainThread]: Connection 'master' was properly closed.
[0m17:46:18.667859 [debug] [MainThread]: Connection 'model.quackdb_pipeline.stg_inference_logs' was properly closed.
[0m17:46:18.668014 [info ] [MainThread]: 
[0m17:46:18.668159 [info ] [MainThread]: Finished running 2 table models, 1 view model in 0 hours 0 minutes and 0.37 seconds (0.37s).
[0m17:46:18.668507 [debug] [MainThread]: Command end result
[0m17:46:18.682725 [debug] [MainThread]: Wrote artifact WritableManifest to /Users/samarth16/projectos/Quackdb/QuackDB/dbt_pipeline/target/manifest.json
[0m17:46:18.683674 [debug] [MainThread]: Wrote artifact SemanticManifest to /Users/samarth16/projectos/Quackdb/QuackDB/dbt_pipeline/target/semantic_manifest.json
[0m17:46:18.690885 [debug] [MainThread]: Wrote artifact RunExecutionResult to /Users/samarth16/projectos/Quackdb/QuackDB/dbt_pipeline/target/run_results.json
[0m17:46:18.691059 [info ] [MainThread]: 
[0m17:46:18.691228 [info ] [MainThread]: [31mCompleted with 1 error, 0 partial successes, and 0 warnings:[0m
[0m17:46:18.691367 [info ] [MainThread]: 
[0m17:46:18.691542 [error] [MainThread]: [31mFailure in model stg_inference_logs (models/staging/stg_inference_logs.sql)[0m
[0m17:46:18.691712 [error] [MainThread]:   Runtime Error in model stg_inference_logs (models/staging/stg_inference_logs.sql)
  IO Error: No files found that match the pattern "data/raw_inference_logs.parquet"
  
  LINE 1: ..."app": "dbt", "dbt_version": "1.11.12", "profile_name": "quackdb_profile", "target_name": "dev", "node_id": "model.quackdb...
                                                                            ^
[0m17:46:18.691842 [info ] [MainThread]: 
[0m17:46:18.691990 [info ] [MainThread]:   compiled code at target/compiled/quackdb_pipeline/models/staging/stg_inference_logs.sql
[0m17:46:18.692108 [info ] [MainThread]: 
[0m17:46:18.692249 [info ] [MainThread]: Done. PASS=0 WARN=0 ERROR=1 SKIP=2 NO-OP=0 TOTAL=3
[0m17:46:18.699813 [debug] [MainThread]: Resource report: {"command_name": "run", "command_success": false, "command_wall_clock_time": 2.3698387, "process_in_blocks": "0", "process_kernel_time": 0.259471, "process_mem_max_rss": "150781952", "process_out_blocks": "0", "process_user_time": 1.051594}
[0m17:46:18.700052 [debug] [MainThread]: Command `dbt run` failed at 17:46:18.700009 after 2.37 seconds
[0m17:46:18.700248 [debug] [MainThread]: Sending event: {'category': 'dbt', 'action': 'invocation', 'label': 'end', 'context': [<snowplow_tracker.self_describing_json.SelfDescribingJson object at 0x10e4012e0>, <snowplow_tracker.self_describing_json.SelfDescribingJson object at 0x10ddfad50>, <snowplow_tracker.self_describing_json.SelfDescribingJson object at 0x10ddfa3f0>]}
[0m17:46:18.700423 [debug] [MainThread]: Flushing usage events
[0m17:46:18.958358 [debug] [MainThread]: An error was encountered while trying to flush usage events
[0m17:48:16.531187 [debug] [MainThread]: Sending event: {'category': 'dbt', 'action': 'invocation', 'label': 'start', 'context': [<snowplow_tracker.self_describing_json.SelfDescribingJson object at 0x108eb1400>, <snowplow_tracker.self_describing_json.SelfDescribingJson object at 0x10a087750>, <snowplow_tracker.self_describing_json.SelfDescribingJson object at 0x10a087890>]}


============================== 17:48:16.534129 | 1682e99f-bbdf-4fe0-ab1b-4539db8fc2c4 ==============================
[0m17:48:16.534129 [info ] [MainThread]: Running with dbt=1.11.12
[0m17:48:16.534448 [debug] [MainThread]: running dbt with arguments {'use_experimental_parser': 'False', 'profiles_dir': '.', 'send_anonymous_usage_stats': 'True', 'introspect': 'True', 'fail_fast': 'False', 'printer_width': '80', 'static_parser': 'True', 'quiet': 'False', 'target_path': 'None', 'write_json': 'True', 'partial_parse': 'True', 'log_format': 'default', 'indirect_selection': 'eager', 'no_print': 'None', 'log_cache_events': 'False', 'invocation_command': 'dbt run --profiles-dir .', 'use_colors': 'True', 'warn_error_options': 'WarnErrorOptionsV2(error=[], warn=[], silence=[])', 'debug': 'False', 'version_check': 'True', 'log_path': '/Users/samarth16/projectos/Quackdb/QuackDB/dbt_pipeline/logs', 'warn_error': 'None', 'empty': 'False', 'cache_selected_only': 'False'}
[0m17:48:16.790681 [debug] [MainThread]: Sending event: {'category': 'dbt', 'action': 'project_id', 'label': '1682e99f-bbdf-4fe0-ab1b-4539db8fc2c4', 'context': [<snowplow_tracker.self_describing_json.SelfDescribingJson object at 0x1093122c0>]}
[0m17:48:16.818992 [debug] [MainThread]: Sending event: {'category': 'dbt', 'action': 'adapter_info', 'label': '1682e99f-bbdf-4fe0-ab1b-4539db8fc2c4', 'context': [<snowplow_tracker.self_describing_json.SelfDescribingJson object at 0x10a0ce8b0>]}
[0m17:48:16.820284 [info ] [MainThread]: Registered adapter: duckdb=1.10.1
[0m17:48:16.870528 [debug] [MainThread]: checksum: f368f5348cf42803b94ef7fb8257ecf3bf9a9a16dd9c8c51fe5172f2dbeb457f, vars: {}, profile: , target: , version: 1.11.12
[0m17:48:16.923990 [debug] [MainThread]: Partial parsing enabled: 0 files deleted, 0 files added, 0 files changed.
[0m17:48:16.924187 [debug] [MainThread]: Nothing changed, skipping partial parsing.
[0m17:48:16.924316 [debug] [MainThread]: Partial parsing enabled, no changes found, skipping parsing
[0m17:48:16.936427 [debug] [MainThread]: Sending event: {'category': 'dbt', 'action': 'load_project', 'label': '1682e99f-bbdf-4fe0-ab1b-4539db8fc2c4', 'context': [<snowplow_tracker.self_describing_json.SelfDescribingJson object at 0x10a169050>]}
[0m17:48:16.966710 [debug] [MainThread]: Wrote artifact WritableManifest to /Users/samarth16/projectos/Quackdb/QuackDB/dbt_pipeline/target/manifest.json
[0m17:48:16.968194 [debug] [MainThread]: Wrote artifact SemanticManifest to /Users/samarth16/projectos/Quackdb/QuackDB/dbt_pipeline/target/semantic_manifest.json
[0m17:48:16.975447 [debug] [MainThread]: Sending event: {'category': 'dbt', 'action': 'resource_counts', 'label': '1682e99f-bbdf-4fe0-ab1b-4539db8fc2c4', 'context': [<snowplow_tracker.self_describing_json.SelfDescribingJson object at 0x10a023b60>]}
[0m17:48:16.975671 [info ] [MainThread]: Found 3 models, 485 macros
[0m17:48:16.975840 [debug] [MainThread]: Sending event: {'category': 'dbt', 'action': 'runnable_timing', 'label': '1682e99f-bbdf-4fe0-ab1b-4539db8fc2c4', 'context': [<snowplow_tracker.self_describing_json.SelfDescribingJson object at 0x10a6e5550>]}
[0m17:48:16.976678 [info ] [MainThread]: 
[0m17:48:16.976852 [info ] [MainThread]: Concurrency: 1 threads (target='dev')
[0m17:48:16.976981 [info ] [MainThread]: 
[0m17:48:16.977203 [debug] [MainThread]: Acquiring new duckdb connection 'master'
[0m17:48:16.979228 [debug] [ThreadPool]: Acquiring new duckdb connection 'list_quackdb'
[0m17:48:17.042936 [debug] [ThreadPool]: Using duckdb connection "list_quackdb"
[0m17:48:17.043158 [debug] [ThreadPool]: On list_quackdb: /* {"app": "dbt", "dbt_version": "1.11.12", "profile_name": "quackdb_profile", "target_name": "dev", "connection_name": "list_quackdb"} */

    
    select schema_name
    from system.information_schema.schemata
    
    where lower(catalog_name) = '"quackdb"'
    
  
  
[0m17:48:17.043322 [debug] [ThreadPool]: Opening a new connection, currently in state init
[0m17:48:17.067470 [debug] [ThreadPool]: SQL status: OK in 0.024 seconds
[0m17:48:17.068171 [debug] [ThreadPool]: On list_quackdb: Close
[0m17:48:17.068496 [debug] [ThreadPool]: Re-using an available connection from the pool (formerly list_quackdb, now create_quackdb_main)
[0m17:48:17.068702 [debug] [ThreadPool]: Creating schema "database: "quackdb"
schema: "main"
"
[0m17:48:17.071630 [debug] [ThreadPool]: Using duckdb connection "create_quackdb_main"
[0m17:48:17.071790 [debug] [ThreadPool]: On create_quackdb_main: /* {"app": "dbt", "dbt_version": "1.11.12", "profile_name": "quackdb_profile", "target_name": "dev", "connection_name": "create_quackdb_main"} */

    
        select type from duckdb_databases()
        where lower(database_name)='quackdb'
        and type='sqlite'
    
  
[0m17:48:17.071914 [debug] [ThreadPool]: Opening a new connection, currently in state closed
[0m17:48:17.072962 [debug] [ThreadPool]: SQL status: OK in 0.001 seconds
[0m17:48:17.073576 [debug] [ThreadPool]: Using duckdb connection "create_quackdb_main"
[0m17:48:17.073714 [debug] [ThreadPool]: On create_quackdb_main: BEGIN
[0m17:48:17.073921 [debug] [ThreadPool]: SQL status: OK in 0.000 seconds
[0m17:48:17.074047 [debug] [ThreadPool]: Using duckdb connection "create_quackdb_main"
[0m17:48:17.074170 [debug] [ThreadPool]: On create_quackdb_main: /* {"app": "dbt", "dbt_version": "1.11.12", "profile_name": "quackdb_profile", "target_name": "dev", "connection_name": "create_quackdb_main"} */

    
    
        create schema if not exists "quackdb"."main"
    
[0m17:48:17.074386 [debug] [ThreadPool]: SQL status: OK in 0.000 seconds
[0m17:48:17.074749 [debug] [ThreadPool]: On create_quackdb_main: COMMIT
[0m17:48:17.074878 [debug] [ThreadPool]: Using duckdb connection "create_quackdb_main"
[0m17:48:17.074994 [debug] [ThreadPool]: On create_quackdb_main: COMMIT
[0m17:48:17.075163 [debug] [ThreadPool]: SQL status: OK in 0.000 seconds
[0m17:48:17.075296 [debug] [ThreadPool]: On create_quackdb_main: Close
[0m17:48:17.075862 [debug] [ThreadPool]: Re-using an available connection from the pool (formerly create_quackdb_main, now list_quackdb_main)
[0m17:48:17.078465 [debug] [ThreadPool]: Using duckdb connection "list_quackdb_main"
[0m17:48:17.078612 [debug] [ThreadPool]: On list_quackdb_main: BEGIN
[0m17:48:17.078728 [debug] [ThreadPool]: Opening a new connection, currently in state closed
[0m17:48:17.078923 [debug] [ThreadPool]: SQL status: OK in 0.000 seconds
[0m17:48:17.079039 [debug] [ThreadPool]: Using duckdb connection "list_quackdb_main"
[0m17:48:17.079162 [debug] [ThreadPool]: On list_quackdb_main: /* {"app": "dbt", "dbt_version": "1.11.12", "profile_name": "quackdb_profile", "target_name": "dev", "connection_name": "list_quackdb_main"} */
select
      'quackdb' as database,
      table_name as name,
      table_schema as schema,
      CASE table_type
        WHEN 'BASE TABLE' THEN 'table'
        WHEN 'VIEW' THEN 'view'
        WHEN 'LOCAL TEMPORARY' THEN 'table'
        END as type
    from system.information_schema.tables
    where lower(table_schema) = 'main'
    and lower(table_catalog) = 'quackdb'
  
[0m17:48:17.081705 [debug] [ThreadPool]: SQL status: OK in 0.002 seconds
[0m17:48:17.082518 [debug] [ThreadPool]: On list_quackdb_main: ROLLBACK
[0m17:48:17.083258 [debug] [ThreadPool]: Failed to rollback 'list_quackdb_main'
[0m17:48:17.083405 [debug] [ThreadPool]: On list_quackdb_main: Close
[0m17:48:17.083871 [debug] [MainThread]: Sending event: {'category': 'dbt', 'action': 'runnable_timing', 'label': '1682e99f-bbdf-4fe0-ab1b-4539db8fc2c4', 'context': [<snowplow_tracker.self_describing_json.SelfDescribingJson object at 0x10a6ea8f0>]}
[0m17:48:17.084083 [debug] [MainThread]: Using duckdb connection "master"
[0m17:48:17.084220 [debug] [MainThread]: On master: BEGIN
[0m17:48:17.084341 [debug] [MainThread]: Opening a new connection, currently in state init
[0m17:48:17.084548 [debug] [MainThread]: SQL status: OK in 0.000 seconds
[0m17:48:17.084670 [debug] [MainThread]: On master: COMMIT
[0m17:48:17.084789 [debug] [MainThread]: Using duckdb connection "master"
[0m17:48:17.084903 [debug] [MainThread]: On master: COMMIT
[0m17:48:17.085080 [debug] [MainThread]: SQL status: OK in 0.000 seconds
[0m17:48:17.085232 [debug] [MainThread]: On master: Close
[0m17:48:17.086399 [debug] [Thread-1 (]: Began running node model.quackdb_pipeline.stg_inference_logs
[0m17:48:17.086633 [info ] [Thread-1 (]: 1 of 3 START sql view model main.stg_inference_logs ............................ [RUN]
[0m17:48:17.086826 [debug] [Thread-1 (]: Re-using an available connection from the pool (formerly list_quackdb_main, now model.quackdb_pipeline.stg_inference_logs)
[0m17:48:17.086982 [debug] [Thread-1 (]: Began compiling node model.quackdb_pipeline.stg_inference_logs
[0m17:48:17.090286 [debug] [Thread-1 (]: Writing injected SQL for node "model.quackdb_pipeline.stg_inference_logs"
[0m17:48:17.090753 [debug] [Thread-1 (]: Began executing node model.quackdb_pipeline.stg_inference_logs
[0m17:48:17.105903 [debug] [Thread-1 (]: Writing runtime sql for node "model.quackdb_pipeline.stg_inference_logs"
[0m17:48:17.106374 [debug] [Thread-1 (]: Using duckdb connection "model.quackdb_pipeline.stg_inference_logs"
[0m17:48:17.106552 [debug] [Thread-1 (]: On model.quackdb_pipeline.stg_inference_logs: BEGIN
[0m17:48:17.106708 [debug] [Thread-1 (]: Opening a new connection, currently in state closed
[0m17:48:17.107119 [debug] [Thread-1 (]: SQL status: OK in 0.000 seconds
[0m17:48:17.107322 [debug] [Thread-1 (]: Using duckdb connection "model.quackdb_pipeline.stg_inference_logs"
[0m17:48:17.107512 [debug] [Thread-1 (]: On model.quackdb_pipeline.stg_inference_logs: /* {"app": "dbt", "dbt_version": "1.11.12", "profile_name": "quackdb_profile", "target_name": "dev", "node_id": "model.quackdb_pipeline.stg_inference_logs"} */

  
  create view "quackdb"."main"."stg_inference_logs__dbt_tmp" as (
    

with raw_source as (
    select * from raw_logs
)

select
    cast(request_id as string) as request_id,
    cast(timestamp as timestamp) as created_at,
    cast(node_id as string) as node_id,
    cast(hardware_tier as string) as hardware_tier,
    cast(model_configuration as string) as model_configuration,
    cast(load_balancer_algo as string) as load_balancer_algo,
    cast(tokens_processed as integer) as tokens_processed,
    cast(time_to_first_token_ms as double) as ttft_ms,
    cast(tokens_per_second as double) as tokens_per_sec,
    cast(network_delay_ms as double) as network_delay_ms,
    cast(serialization_overhead_ms as double) as serialization_overhead_ms,
    cast(estimated_cost_usd as double) as cost_usd,
    cast(http_status_code as integer) as status_code
from raw_source
  );

[0m17:48:17.111550 [debug] [Thread-1 (]: SQL status: OK in 0.004 seconds
[0m17:48:17.114551 [debug] [Thread-1 (]: Using duckdb connection "model.quackdb_pipeline.stg_inference_logs"
[0m17:48:17.114738 [debug] [Thread-1 (]: On model.quackdb_pipeline.stg_inference_logs: /* {"app": "dbt", "dbt_version": "1.11.12", "profile_name": "quackdb_profile", "target_name": "dev", "node_id": "model.quackdb_pipeline.stg_inference_logs"} */
alter view "quackdb"."main"."stg_inference_logs__dbt_tmp" rename to "stg_inference_logs"
[0m17:48:17.115634 [debug] [Thread-1 (]: SQL status: OK in 0.001 seconds
[0m17:48:17.121643 [debug] [Thread-1 (]: On model.quackdb_pipeline.stg_inference_logs: COMMIT
[0m17:48:17.121841 [debug] [Thread-1 (]: Using duckdb connection "model.quackdb_pipeline.stg_inference_logs"
[0m17:48:17.122002 [debug] [Thread-1 (]: On model.quackdb_pipeline.stg_inference_logs: COMMIT
[0m17:48:17.122710 [debug] [Thread-1 (]: SQL status: OK in 0.001 seconds
[0m17:48:17.125143 [debug] [Thread-1 (]: Using duckdb connection "model.quackdb_pipeline.stg_inference_logs"
[0m17:48:17.125329 [debug] [Thread-1 (]: On model.quackdb_pipeline.stg_inference_logs: /* {"app": "dbt", "dbt_version": "1.11.12", "profile_name": "quackdb_profile", "target_name": "dev", "node_id": "model.quackdb_pipeline.stg_inference_logs"} */

      drop view if exists "quackdb"."main"."stg_inference_logs__dbt_backup" cascade
    
[0m17:48:17.125621 [debug] [Thread-1 (]: SQL status: OK in 0.000 seconds
[0m17:48:17.126743 [debug] [Thread-1 (]: On model.quackdb_pipeline.stg_inference_logs: Close
[0m17:48:17.127654 [debug] [Thread-1 (]: Sending event: {'category': 'dbt', 'action': 'run_model', 'label': '1682e99f-bbdf-4fe0-ab1b-4539db8fc2c4', 'context': [<snowplow_tracker.self_describing_json.SelfDescribingJson object at 0x10a533110>]}
[0m17:48:17.127961 [info ] [Thread-1 (]: 1 of 3 OK created sql view model main.stg_inference_logs ....................... [[32mOK[0m in 0.04s]
[0m17:48:17.128219 [debug] [Thread-1 (]: Finished running node model.quackdb_pipeline.stg_inference_logs
[0m17:48:17.128604 [debug] [Thread-1 (]: Began running node model.quackdb_pipeline.dim_hardware_nodes
[0m17:48:17.128839 [info ] [Thread-1 (]: 2 of 3 START sql table model main.dim_hardware_nodes ........................... [RUN]
[0m17:48:17.129035 [debug] [Thread-1 (]: Re-using an available connection from the pool (formerly model.quackdb_pipeline.stg_inference_logs, now model.quackdb_pipeline.dim_hardware_nodes)
[0m17:48:17.129194 [debug] [Thread-1 (]: Began compiling node model.quackdb_pipeline.dim_hardware_nodes
[0m17:48:17.130461 [debug] [Thread-1 (]: Writing injected SQL for node "model.quackdb_pipeline.dim_hardware_nodes"
[0m17:48:17.130830 [debug] [Thread-1 (]: Began executing node model.quackdb_pipeline.dim_hardware_nodes
[0m17:48:17.143464 [debug] [Thread-1 (]: Writing runtime sql for node "model.quackdb_pipeline.dim_hardware_nodes"
[0m17:48:17.143994 [debug] [Thread-1 (]: Using duckdb connection "model.quackdb_pipeline.dim_hardware_nodes"
[0m17:48:17.144192 [debug] [Thread-1 (]: On model.quackdb_pipeline.dim_hardware_nodes: BEGIN
[0m17:48:17.144375 [debug] [Thread-1 (]: Opening a new connection, currently in state closed
[0m17:48:17.144710 [debug] [Thread-1 (]: SQL status: OK in 0.000 seconds
[0m17:48:17.144880 [debug] [Thread-1 (]: Using duckdb connection "model.quackdb_pipeline.dim_hardware_nodes"
[0m17:48:17.145045 [debug] [Thread-1 (]: On model.quackdb_pipeline.dim_hardware_nodes: /* {"app": "dbt", "dbt_version": "1.11.12", "profile_name": "quackdb_profile", "target_name": "dev", "node_id": "model.quackdb_pipeline.dim_hardware_nodes"} */

  
    
    

    create  table
      "quackdb"."main"."dim_hardware_nodes__dbt_tmp"
  
    as (
      

with staging_source as (
    select * from "quackdb"."main"."stg_inference_logs"
)

select
    distinct
    node_id,
    hardware_tier
from staging_source
    );
  
  
[0m17:48:17.170217 [debug] [Thread-1 (]: SQL status: OK in 0.025 seconds
[0m17:48:17.171734 [debug] [Thread-1 (]: Using duckdb connection "model.quackdb_pipeline.dim_hardware_nodes"
[0m17:48:17.171900 [debug] [Thread-1 (]: On model.quackdb_pipeline.dim_hardware_nodes: /* {"app": "dbt", "dbt_version": "1.11.12", "profile_name": "quackdb_profile", "target_name": "dev", "node_id": "model.quackdb_pipeline.dim_hardware_nodes"} */
alter table "quackdb"."main"."dim_hardware_nodes__dbt_tmp" rename to "dim_hardware_nodes"
[0m17:48:17.172214 [debug] [Thread-1 (]: SQL status: OK in 0.000 seconds
[0m17:48:17.175106 [debug] [Thread-1 (]: On model.quackdb_pipeline.dim_hardware_nodes: COMMIT
[0m17:48:17.175351 [debug] [Thread-1 (]: Using duckdb connection "model.quackdb_pipeline.dim_hardware_nodes"
[0m17:48:17.175554 [debug] [Thread-1 (]: On model.quackdb_pipeline.dim_hardware_nodes: COMMIT
[0m17:48:17.176190 [debug] [Thread-1 (]: SQL status: OK in 0.000 seconds
[0m17:48:17.177556 [debug] [Thread-1 (]: Using duckdb connection "model.quackdb_pipeline.dim_hardware_nodes"
[0m17:48:17.177740 [debug] [Thread-1 (]: On model.quackdb_pipeline.dim_hardware_nodes: /* {"app": "dbt", "dbt_version": "1.11.12", "profile_name": "quackdb_profile", "target_name": "dev", "node_id": "model.quackdb_pipeline.dim_hardware_nodes"} */

      drop table if exists "quackdb"."main"."dim_hardware_nodes__dbt_backup" cascade
    
[0m17:48:17.178013 [debug] [Thread-1 (]: SQL status: OK in 0.000 seconds
[0m17:48:17.178809 [debug] [Thread-1 (]: On model.quackdb_pipeline.dim_hardware_nodes: Close
[0m17:48:17.179181 [debug] [Thread-1 (]: Sending event: {'category': 'dbt', 'action': 'run_model', 'label': '1682e99f-bbdf-4fe0-ab1b-4539db8fc2c4', 'context': [<snowplow_tracker.self_describing_json.SelfDescribingJson object at 0x10a890e10>]}
[0m17:48:17.179492 [info ] [Thread-1 (]: 2 of 3 OK created sql table model main.dim_hardware_nodes ...................... [[32mOK[0m in 0.05s]
[0m17:48:17.180061 [debug] [Thread-1 (]: Finished running node model.quackdb_pipeline.dim_hardware_nodes
[0m17:48:17.180262 [debug] [Thread-1 (]: Began running node model.quackdb_pipeline.fct_inference_requests
[0m17:48:17.180518 [info ] [Thread-1 (]: 3 of 3 START sql table model main.fct_inference_requests ....................... [RUN]
[0m17:48:17.180714 [debug] [Thread-1 (]: Re-using an available connection from the pool (formerly model.quackdb_pipeline.dim_hardware_nodes, now model.quackdb_pipeline.fct_inference_requests)
[0m17:48:17.180941 [debug] [Thread-1 (]: Began compiling node model.quackdb_pipeline.fct_inference_requests
[0m17:48:17.182290 [debug] [Thread-1 (]: Writing injected SQL for node "model.quackdb_pipeline.fct_inference_requests"
[0m17:48:17.182622 [debug] [Thread-1 (]: Began executing node model.quackdb_pipeline.fct_inference_requests
[0m17:48:17.184396 [debug] [Thread-1 (]: Writing runtime sql for node "model.quackdb_pipeline.fct_inference_requests"
[0m17:48:17.184695 [debug] [Thread-1 (]: Using duckdb connection "model.quackdb_pipeline.fct_inference_requests"
[0m17:48:17.184866 [debug] [Thread-1 (]: On model.quackdb_pipeline.fct_inference_requests: BEGIN
[0m17:48:17.185022 [debug] [Thread-1 (]: Opening a new connection, currently in state closed
[0m17:48:17.185345 [debug] [Thread-1 (]: SQL status: OK in 0.000 seconds
[0m17:48:17.185641 [debug] [Thread-1 (]: Using duckdb connection "model.quackdb_pipeline.fct_inference_requests"
[0m17:48:17.186112 [debug] [Thread-1 (]: On model.quackdb_pipeline.fct_inference_requests: /* {"app": "dbt", "dbt_version": "1.11.12", "profile_name": "quackdb_profile", "target_name": "dev", "node_id": "model.quackdb_pipeline.fct_inference_requests"} */

  
    
    

    create  table
      "quackdb"."main"."fct_inference_requests__dbt_tmp"
  
    as (
      

with staging_source as (
    select * from "quackdb"."main"."stg_inference_logs"
)

select
    request_id,
    created_at,
    node_id,
    model_configuration,
    load_balancer_algo,
    tokens_processed,
    ttft_ms,
    tokens_per_sec,
    network_delay_ms,
    serialization_overhead_ms,
    cost_usd,
    status_code
from staging_source
    );
  
  
[0m17:48:17.633265 [debug] [Thread-1 (]: SQL status: OK in 0.446 seconds
[0m17:48:17.634785 [debug] [Thread-1 (]: Using duckdb connection "model.quackdb_pipeline.fct_inference_requests"
[0m17:48:17.634957 [debug] [Thread-1 (]: On model.quackdb_pipeline.fct_inference_requests: /* {"app": "dbt", "dbt_version": "1.11.12", "profile_name": "quackdb_profile", "target_name": "dev", "node_id": "model.quackdb_pipeline.fct_inference_requests"} */
alter table "quackdb"."main"."fct_inference_requests__dbt_tmp" rename to "fct_inference_requests"
[0m17:48:17.635302 [debug] [Thread-1 (]: SQL status: OK in 0.000 seconds
[0m17:48:17.635968 [debug] [Thread-1 (]: On model.quackdb_pipeline.fct_inference_requests: COMMIT
[0m17:48:17.636118 [debug] [Thread-1 (]: Using duckdb connection "model.quackdb_pipeline.fct_inference_requests"
[0m17:48:17.636252 [debug] [Thread-1 (]: On model.quackdb_pipeline.fct_inference_requests: COMMIT
[0m17:48:17.644201 [debug] [Thread-1 (]: SQL status: OK in 0.008 seconds
[0m17:48:17.645148 [debug] [Thread-1 (]: Using duckdb connection "model.quackdb_pipeline.fct_inference_requests"
[0m17:48:17.645303 [debug] [Thread-1 (]: On model.quackdb_pipeline.fct_inference_requests: /* {"app": "dbt", "dbt_version": "1.11.12", "profile_name": "quackdb_profile", "target_name": "dev", "node_id": "model.quackdb_pipeline.fct_inference_requests"} */

      drop table if exists "quackdb"."main"."fct_inference_requests__dbt_backup" cascade
    
[0m17:48:17.645768 [debug] [Thread-1 (]: SQL status: OK in 0.000 seconds
[0m17:48:17.646338 [debug] [Thread-1 (]: On model.quackdb_pipeline.fct_inference_requests: Close
[0m17:48:17.646581 [debug] [Thread-1 (]: Sending event: {'category': 'dbt', 'action': 'run_model', 'label': '1682e99f-bbdf-4fe0-ab1b-4539db8fc2c4', 'context': [<snowplow_tracker.self_describing_json.SelfDescribingJson object at 0x10aa3e5d0>]}
[0m17:48:17.646851 [info ] [Thread-1 (]: 3 of 3 OK created sql table model main.fct_inference_requests .................. [[32mOK[0m in 0.47s]
[0m17:48:17.647094 [debug] [Thread-1 (]: Finished running node model.quackdb_pipeline.fct_inference_requests
[0m17:48:17.647599 [debug] [MainThread]: Using duckdb connection "master"
[0m17:48:17.647730 [debug] [MainThread]: On master: BEGIN
[0m17:48:17.647846 [debug] [MainThread]: Opening a new connection, currently in state closed
[0m17:48:17.648054 [debug] [MainThread]: SQL status: OK in 0.000 seconds
[0m17:48:17.648170 [debug] [MainThread]: On master: COMMIT
[0m17:48:17.648286 [debug] [MainThread]: Using duckdb connection "master"
[0m17:48:17.648397 [debug] [MainThread]: On master: COMMIT
[0m17:48:17.648559 [debug] [MainThread]: SQL status: OK in 0.000 seconds
[0m17:48:17.648674 [debug] [MainThread]: On master: Close
[0m17:48:17.648820 [debug] [MainThread]: Connection 'master' was properly closed.
[0m17:48:17.648933 [debug] [MainThread]: Connection 'model.quackdb_pipeline.fct_inference_requests' was properly closed.
[0m17:48:17.649074 [info ] [MainThread]: 
[0m17:48:17.649211 [info ] [MainThread]: Finished running 2 table models, 1 view model in 0 hours 0 minutes and 0.67 seconds (0.67s).
[0m17:48:17.649595 [debug] [MainThread]: Command end result
[0m17:48:17.664123 [debug] [MainThread]: Wrote artifact WritableManifest to /Users/samarth16/projectos/Quackdb/QuackDB/dbt_pipeline/target/manifest.json
[0m17:48:17.665079 [debug] [MainThread]: Wrote artifact SemanticManifest to /Users/samarth16/projectos/Quackdb/QuackDB/dbt_pipeline/target/semantic_manifest.json
[0m17:48:17.668518 [debug] [MainThread]: Wrote artifact RunExecutionResult to /Users/samarth16/projectos/Quackdb/QuackDB/dbt_pipeline/target/run_results.json
[0m17:48:17.668677 [info ] [MainThread]: 
[0m17:48:17.668855 [info ] [MainThread]: [32mCompleted successfully[0m
[0m17:48:17.668986 [info ] [MainThread]: 
[0m17:48:17.669134 [info ] [MainThread]: Done. PASS=3 WARN=0 ERROR=0 SKIP=0 NO-OP=0 TOTAL=3
[0m17:48:17.671468 [debug] [MainThread]: Resource report: {"command_name": "run", "command_success": true, "command_wall_clock_time": 1.1932576, "process_in_blocks": "0", "process_kernel_time": 0.275958, "process_mem_max_rss": "275496960", "process_out_blocks": "0", "process_user_time": 1.378593}
[0m17:48:17.671665 [debug] [MainThread]: Command `dbt run` succeeded at 17:48:17.671631 after 1.19 seconds
[0m17:48:17.671832 [debug] [MainThread]: Sending event: {'category': 'dbt', 'action': 'invocation', 'label': 'end', 'context': [<snowplow_tracker.self_describing_json.SelfDescribingJson object at 0x10a2ecdd0>, <snowplow_tracker.self_describing_json.SelfDescribingJson object at 0x10a5be2d0>, <snowplow_tracker.self_describing_json.SelfDescribingJson object at 0x10a0a3af0>]}
[0m17:48:17.671989 [debug] [MainThread]: Flushing usage events
[0m17:48:17.836536 [debug] [MainThread]: An error was encountered while trying to flush usage events
[0m18:15:22.120344 [debug] [MainThread]: Sending event: {'category': 'dbt', 'action': 'invocation', 'label': 'start', 'context': [<snowplow_tracker.self_describing_json.SelfDescribingJson object at 0x10a719400>, <snowplow_tracker.self_describing_json.SelfDescribingJson object at 0x10b8f7750>, <snowplow_tracker.self_describing_json.SelfDescribingJson object at 0x10b8f7890>]}


============================== 18:15:22.123341 | 6a4c43c4-06de-4ad8-b0db-29acba35388a ==============================
[0m18:15:22.123341 [info ] [MainThread]: Running with dbt=1.11.12
[0m18:15:22.123654 [debug] [MainThread]: running dbt with arguments {'send_anonymous_usage_stats': 'True', 'cache_selected_only': 'False', 'indirect_selection': 'eager', 'empty': 'None', 'partial_parse': 'True', 'fail_fast': 'False', 'use_experimental_parser': 'False', 'target_path': 'None', 'no_print': 'None', 'debug': 'False', 'write_json': 'True', 'log_path': '/Users/samarth16/projectos/Quackdb/QuackDB/dbt_pipeline/logs', 'log_format': 'default', 'invocation_command': 'dbt test --profiles-dir .', 'introspect': 'True', 'version_check': 'True', 'printer_width': '80', 'static_parser': 'True', 'profiles_dir': '.', 'log_cache_events': 'False', 'warn_error_options': 'WarnErrorOptionsV2(error=[], warn=[], silence=[])', 'quiet': 'False', 'warn_error': 'None', 'use_colors': 'True'}
[0m18:15:22.353631 [debug] [MainThread]: Sending event: {'category': 'dbt', 'action': 'project_id', 'label': '6a4c43c4-06de-4ad8-b0db-29acba35388a', 'context': [<snowplow_tracker.self_describing_json.SelfDescribingJson object at 0x10ab7e2c0>]}
[0m18:15:22.381828 [debug] [MainThread]: Sending event: {'category': 'dbt', 'action': 'adapter_info', 'label': '6a4c43c4-06de-4ad8-b0db-29acba35388a', 'context': [<snowplow_tracker.self_describing_json.SelfDescribingJson object at 0x10b93a8b0>]}
[0m18:15:22.383262 [info ] [MainThread]: Registered adapter: duckdb=1.10.1
[0m18:15:22.436989 [debug] [MainThread]: checksum: f368f5348cf42803b94ef7fb8257ecf3bf9a9a16dd9c8c51fe5172f2dbeb457f, vars: {}, profile: , target: , version: 1.11.12
[0m18:15:22.492276 [debug] [MainThread]: Partial parsing enabled: 0 files deleted, 1 files added, 0 files changed.
[0m18:15:22.492577 [debug] [MainThread]: Partial parsing: added file: quackdb_pipeline://models/schema.yml
[0m18:15:22.603525 [warn ] [MainThread]: [[33mWARNING[0m][MissingArgumentsPropertyInGenericTestDeprecation]: Deprecated
functionality
Found top-level arguments to test `accepted_values` defined on
'fct_inference_requests' in package 'quackdb_pipeline' (models/schema.yml).
Arguments to generic tests should be nested under the `arguments` property.
[0m18:15:22.603832 [debug] [MainThread]: Sending event: {'category': 'dbt', 'action': 'deprecation', 'label': '6a4c43c4-06de-4ad8-b0db-29acba35388a', 'property_': 'warn', 'context': [<snowplow_tracker.self_describing_json.SelfDescribingJson object at 0x10b9d9650>]}
[0m18:15:22.644438 [debug] [MainThread]: Sending event: {'category': 'dbt', 'action': 'load_project', 'label': '6a4c43c4-06de-4ad8-b0db-29acba35388a', 'context': [<snowplow_tracker.self_describing_json.SelfDescribingJson object at 0x10bd072f0>]}
[0m18:15:22.682526 [debug] [MainThread]: Wrote artifact WritableManifest to /Users/samarth16/projectos/Quackdb/QuackDB/dbt_pipeline/target/manifest.json
[0m18:15:22.683936 [debug] [MainThread]: Wrote artifact SemanticManifest to /Users/samarth16/projectos/Quackdb/QuackDB/dbt_pipeline/target/semantic_manifest.json
[0m18:15:22.696465 [debug] [MainThread]: Sending event: {'category': 'dbt', 'action': 'resource_counts', 'label': '6a4c43c4-06de-4ad8-b0db-29acba35388a', 'context': [<snowplow_tracker.self_describing_json.SelfDescribingJson object at 0x10bb2f5b0>]}
[0m18:15:22.696683 [info ] [MainThread]: Found 3 models, 9 data tests, 485 macros
[0m18:15:22.696852 [debug] [MainThread]: Sending event: {'category': 'dbt', 'action': 'runnable_timing', 'label': '6a4c43c4-06de-4ad8-b0db-29acba35388a', 'context': [<snowplow_tracker.self_describing_json.SelfDescribingJson object at 0x10c0f7520>]}
[0m18:15:22.697844 [info ] [MainThread]: 
[0m18:15:22.698057 [info ] [MainThread]: Concurrency: 1 threads (target='dev')
[0m18:15:22.698193 [info ] [MainThread]: 
[0m18:15:22.698410 [debug] [MainThread]: Acquiring new duckdb connection 'master'
[0m18:15:22.700565 [debug] [ThreadPool]: Acquiring new duckdb connection 'list_quackdb_main'
[0m18:15:22.734659 [debug] [ThreadPool]: Using duckdb connection "list_quackdb_main"
[0m18:15:22.734859 [debug] [ThreadPool]: On list_quackdb_main: BEGIN
[0m18:15:22.734990 [debug] [ThreadPool]: Opening a new connection, currently in state init
[0m18:15:22.749660 [debug] [ThreadPool]: SQL status: OK in 0.015 seconds
[0m18:15:22.749856 [debug] [ThreadPool]: Using duckdb connection "list_quackdb_main"
[0m18:15:22.750006 [debug] [ThreadPool]: On list_quackdb_main: /* {"app": "dbt", "dbt_version": "1.11.12", "profile_name": "quackdb_profile", "target_name": "dev", "connection_name": "list_quackdb_main"} */
select
      'quackdb' as database,
      table_name as name,
      table_schema as schema,
      CASE table_type
        WHEN 'BASE TABLE' THEN 'table'
        WHEN 'VIEW' THEN 'view'
        WHEN 'LOCAL TEMPORARY' THEN 'table'
        END as type
    from system.information_schema.tables
    where lower(table_schema) = 'main'
    and lower(table_catalog) = 'quackdb'
  
[0m18:15:22.759584 [debug] [ThreadPool]: SQL status: OK in 0.009 seconds
[0m18:15:22.760668 [debug] [ThreadPool]: On list_quackdb_main: ROLLBACK
[0m18:15:22.761749 [debug] [ThreadPool]: Failed to rollback 'list_quackdb_main'
[0m18:15:22.761888 [debug] [ThreadPool]: On list_quackdb_main: Close
[0m18:15:22.762740 [debug] [MainThread]: Sending event: {'category': 'dbt', 'action': 'runnable_timing', 'label': '6a4c43c4-06de-4ad8-b0db-29acba35388a', 'context': [<snowplow_tracker.self_describing_json.SelfDescribingJson object at 0x10c164b90>]}
[0m18:15:22.763001 [debug] [MainThread]: Using duckdb connection "master"
[0m18:15:22.763152 [debug] [MainThread]: On master: BEGIN
[0m18:15:22.763277 [debug] [MainThread]: Opening a new connection, currently in state init
[0m18:15:22.763522 [debug] [MainThread]: SQL status: OK in 0.000 seconds
[0m18:15:22.763664 [debug] [MainThread]: On master: COMMIT
[0m18:15:22.763794 [debug] [MainThread]: Using duckdb connection "master"
[0m18:15:22.763937 [debug] [MainThread]: On master: COMMIT
[0m18:15:22.764238 [debug] [MainThread]: SQL status: OK in 0.000 seconds
[0m18:15:22.764419 [debug] [MainThread]: On master: Close
[0m18:15:22.765741 [debug] [Thread-1 (]: Began running node test.quackdb_pipeline.accepted_values_fct_inference_requests_status_code__200__500.6044fbe809
[0m18:15:22.765939 [info ] [Thread-1 (]: 1 of 9 START test accepted_values_fct_inference_requests_status_code__200__500 . [RUN]
[0m18:15:22.766166 [debug] [Thread-1 (]: Re-using an available connection from the pool (formerly list_quackdb_main, now test.quackdb_pipeline.accepted_values_fct_inference_requests_status_code__200__500.6044fbe809)
[0m18:15:22.766328 [debug] [Thread-1 (]: Began compiling node test.quackdb_pipeline.accepted_values_fct_inference_requests_status_code__200__500.6044fbe809
[0m18:15:22.770132 [debug] [Thread-1 (]: Writing injected SQL for node "test.quackdb_pipeline.accepted_values_fct_inference_requests_status_code__200__500.6044fbe809"
[0m18:15:22.770520 [debug] [Thread-1 (]: Began executing node test.quackdb_pipeline.accepted_values_fct_inference_requests_status_code__200__500.6044fbe809
[0m18:15:22.780016 [debug] [Thread-1 (]: Writing runtime sql for node "test.quackdb_pipeline.accepted_values_fct_inference_requests_status_code__200__500.6044fbe809"
[0m18:15:22.780663 [debug] [Thread-1 (]: Using duckdb connection "test.quackdb_pipeline.accepted_values_fct_inference_requests_status_code__200__500.6044fbe809"
[0m18:15:22.780886 [debug] [Thread-1 (]: On test.quackdb_pipeline.accepted_values_fct_inference_requests_status_code__200__500.6044fbe809: BEGIN
[0m18:15:22.781057 [debug] [Thread-1 (]: Opening a new connection, currently in state closed
[0m18:15:22.781386 [debug] [Thread-1 (]: SQL status: OK in 0.000 seconds
[0m18:15:22.781557 [debug] [Thread-1 (]: Using duckdb connection "test.quackdb_pipeline.accepted_values_fct_inference_requests_status_code__200__500.6044fbe809"
[0m18:15:22.781728 [debug] [Thread-1 (]: On test.quackdb_pipeline.accepted_values_fct_inference_requests_status_code__200__500.6044fbe809: /* {"app": "dbt", "dbt_version": "1.11.12", "profile_name": "quackdb_profile", "target_name": "dev", "node_id": "test.quackdb_pipeline.accepted_values_fct_inference_requests_status_code__200__500.6044fbe809"} */

    
    select
      count(*) as failures,
      count(*) != 0 as should_warn,
      count(*) != 0 as should_error
    from (
      
    
  
    
    

with all_values as (

    select
        status_code as value_field,
        count(*) as n_records

    from "quackdb"."main"."fct_inference_requests"
    group by status_code

)

select *
from all_values
where value_field not in (
    '200','500'
)



  
  
      
    ) dbt_internal_test
[0m18:15:22.789462 [debug] [Thread-1 (]: SQL status: OK in 0.008 seconds
[0m18:15:22.791501 [debug] [Thread-1 (]: On test.quackdb_pipeline.accepted_values_fct_inference_requests_status_code__200__500.6044fbe809: ROLLBACK
[0m18:15:22.791808 [debug] [Thread-1 (]: Failed to rollback 'test.quackdb_pipeline.accepted_values_fct_inference_requests_status_code__200__500.6044fbe809'
[0m18:15:22.791976 [debug] [Thread-1 (]: On test.quackdb_pipeline.accepted_values_fct_inference_requests_status_code__200__500.6044fbe809: Close
[0m18:15:22.792234 [info ] [Thread-1 (]: 1 of 9 PASS accepted_values_fct_inference_requests_status_code__200__500 ....... [[32mPASS[0m in 0.03s]
[0m18:15:22.792483 [debug] [Thread-1 (]: Finished running node test.quackdb_pipeline.accepted_values_fct_inference_requests_status_code__200__500.6044fbe809
[0m18:15:22.792657 [debug] [Thread-1 (]: Began running node test.quackdb_pipeline.not_null_dim_hardware_nodes_hardware_tier.97f4cf700f
[0m18:15:22.792841 [info ] [Thread-1 (]: 2 of 9 START test not_null_dim_hardware_nodes_hardware_tier .................... [RUN]
[0m18:15:22.793021 [debug] [Thread-1 (]: Re-using an available connection from the pool (formerly test.quackdb_pipeline.accepted_values_fct_inference_requests_status_code__200__500.6044fbe809, now test.quackdb_pipeline.not_null_dim_hardware_nodes_hardware_tier.97f4cf700f)
[0m18:15:22.793174 [debug] [Thread-1 (]: Began compiling node test.quackdb_pipeline.not_null_dim_hardware_nodes_hardware_tier.97f4cf700f
[0m18:15:22.795962 [debug] [Thread-1 (]: Writing injected SQL for node "test.quackdb_pipeline.not_null_dim_hardware_nodes_hardware_tier.97f4cf700f"
[0m18:15:22.796260 [debug] [Thread-1 (]: Began executing node test.quackdb_pipeline.not_null_dim_hardware_nodes_hardware_tier.97f4cf700f
[0m18:15:22.797407 [debug] [Thread-1 (]: Writing runtime sql for node "test.quackdb_pipeline.not_null_dim_hardware_nodes_hardware_tier.97f4cf700f"
[0m18:15:22.797799 [debug] [Thread-1 (]: Using duckdb connection "test.quackdb_pipeline.not_null_dim_hardware_nodes_hardware_tier.97f4cf700f"
[0m18:15:22.798029 [debug] [Thread-1 (]: On test.quackdb_pipeline.not_null_dim_hardware_nodes_hardware_tier.97f4cf700f: BEGIN
[0m18:15:22.798234 [debug] [Thread-1 (]: Opening a new connection, currently in state closed
[0m18:15:22.798532 [debug] [Thread-1 (]: SQL status: OK in 0.000 seconds
[0m18:15:22.798728 [debug] [Thread-1 (]: Using duckdb connection "test.quackdb_pipeline.not_null_dim_hardware_nodes_hardware_tier.97f4cf700f"
[0m18:15:22.798916 [debug] [Thread-1 (]: On test.quackdb_pipeline.not_null_dim_hardware_nodes_hardware_tier.97f4cf700f: /* {"app": "dbt", "dbt_version": "1.11.12", "profile_name": "quackdb_profile", "target_name": "dev", "node_id": "test.quackdb_pipeline.not_null_dim_hardware_nodes_hardware_tier.97f4cf700f"} */

    
    select
      count(*) as failures,
      count(*) != 0 as should_warn,
      count(*) != 0 as should_error
    from (
      
    
  
    
    



select hardware_tier
from "quackdb"."main"."dim_hardware_nodes"
where hardware_tier is null



  
  
      
    ) dbt_internal_test
[0m18:15:22.799361 [debug] [Thread-1 (]: SQL status: OK in 0.000 seconds
[0m18:15:22.800087 [debug] [Thread-1 (]: On test.quackdb_pipeline.not_null_dim_hardware_nodes_hardware_tier.97f4cf700f: ROLLBACK
[0m18:15:22.800380 [debug] [Thread-1 (]: Failed to rollback 'test.quackdb_pipeline.not_null_dim_hardware_nodes_hardware_tier.97f4cf700f'
[0m18:15:22.800540 [debug] [Thread-1 (]: On test.quackdb_pipeline.not_null_dim_hardware_nodes_hardware_tier.97f4cf700f: Close
[0m18:15:22.800789 [info ] [Thread-1 (]: 2 of 9 PASS not_null_dim_hardware_nodes_hardware_tier .......................... [[32mPASS[0m in 0.01s]
[0m18:15:22.801029 [debug] [Thread-1 (]: Finished running node test.quackdb_pipeline.not_null_dim_hardware_nodes_hardware_tier.97f4cf700f
[0m18:15:22.801316 [debug] [Thread-1 (]: Began running node test.quackdb_pipeline.not_null_dim_hardware_nodes_node_id.c63b3d2666
[0m18:15:22.801899 [info ] [Thread-1 (]: 3 of 9 START test not_null_dim_hardware_nodes_node_id .......................... [RUN]
[0m18:15:22.802183 [debug] [Thread-1 (]: Re-using an available connection from the pool (formerly test.quackdb_pipeline.not_null_dim_hardware_nodes_hardware_tier.97f4cf700f, now test.quackdb_pipeline.not_null_dim_hardware_nodes_node_id.c63b3d2666)
[0m18:15:22.802379 [debug] [Thread-1 (]: Began compiling node test.quackdb_pipeline.not_null_dim_hardware_nodes_node_id.c63b3d2666
[0m18:15:22.810392 [debug] [Thread-1 (]: Writing injected SQL for node "test.quackdb_pipeline.not_null_dim_hardware_nodes_node_id.c63b3d2666"
[0m18:15:22.812560 [debug] [Thread-1 (]: Began executing node test.quackdb_pipeline.not_null_dim_hardware_nodes_node_id.c63b3d2666
[0m18:15:22.814568 [debug] [Thread-1 (]: Writing runtime sql for node "test.quackdb_pipeline.not_null_dim_hardware_nodes_node_id.c63b3d2666"
[0m18:15:22.827623 [debug] [Thread-1 (]: Using duckdb connection "test.quackdb_pipeline.not_null_dim_hardware_nodes_node_id.c63b3d2666"
[0m18:15:22.828344 [debug] [Thread-1 (]: On test.quackdb_pipeline.not_null_dim_hardware_nodes_node_id.c63b3d2666: BEGIN
[0m18:15:22.828529 [debug] [Thread-1 (]: Opening a new connection, currently in state closed
[0m18:15:22.828884 [debug] [Thread-1 (]: SQL status: OK in 0.000 seconds
[0m18:15:22.829131 [debug] [Thread-1 (]: Using duckdb connection "test.quackdb_pipeline.not_null_dim_hardware_nodes_node_id.c63b3d2666"
[0m18:15:22.829418 [debug] [Thread-1 (]: On test.quackdb_pipeline.not_null_dim_hardware_nodes_node_id.c63b3d2666: /* {"app": "dbt", "dbt_version": "1.11.12", "profile_name": "quackdb_profile", "target_name": "dev", "node_id": "test.quackdb_pipeline.not_null_dim_hardware_nodes_node_id.c63b3d2666"} */

    
    select
      count(*) as failures,
      count(*) != 0 as should_warn,
      count(*) != 0 as should_error
    from (
      
    
  
    
    



select node_id
from "quackdb"."main"."dim_hardware_nodes"
where node_id is null



  
  
      
    ) dbt_internal_test
[0m18:15:22.830001 [debug] [Thread-1 (]: SQL status: OK in 0.000 seconds
[0m18:15:22.831034 [debug] [Thread-1 (]: On test.quackdb_pipeline.not_null_dim_hardware_nodes_node_id.c63b3d2666: ROLLBACK
[0m18:15:22.831392 [debug] [Thread-1 (]: Failed to rollback 'test.quackdb_pipeline.not_null_dim_hardware_nodes_node_id.c63b3d2666'
[0m18:15:22.831837 [debug] [Thread-1 (]: On test.quackdb_pipeline.not_null_dim_hardware_nodes_node_id.c63b3d2666: Close
[0m18:15:22.833135 [info ] [Thread-1 (]: 3 of 9 PASS not_null_dim_hardware_nodes_node_id ................................ [[32mPASS[0m in 0.03s]
[0m18:15:22.833849 [debug] [Thread-1 (]: Finished running node test.quackdb_pipeline.not_null_dim_hardware_nodes_node_id.c63b3d2666
[0m18:15:22.834290 [debug] [Thread-1 (]: Began running node test.quackdb_pipeline.not_null_fct_inference_requests_request_id.491b76382b
[0m18:15:22.834753 [info ] [Thread-1 (]: 4 of 9 START test not_null_fct_inference_requests_request_id ................... [RUN]
[0m18:15:22.835258 [debug] [Thread-1 (]: Re-using an available connection from the pool (formerly test.quackdb_pipeline.not_null_dim_hardware_nodes_node_id.c63b3d2666, now test.quackdb_pipeline.not_null_fct_inference_requests_request_id.491b76382b)
[0m18:15:22.835789 [debug] [Thread-1 (]: Began compiling node test.quackdb_pipeline.not_null_fct_inference_requests_request_id.491b76382b
[0m18:15:22.838219 [debug] [Thread-1 (]: Writing injected SQL for node "test.quackdb_pipeline.not_null_fct_inference_requests_request_id.491b76382b"
[0m18:15:22.838645 [debug] [Thread-1 (]: Began executing node test.quackdb_pipeline.not_null_fct_inference_requests_request_id.491b76382b
[0m18:15:22.839575 [debug] [Thread-1 (]: Writing runtime sql for node "test.quackdb_pipeline.not_null_fct_inference_requests_request_id.491b76382b"
[0m18:15:22.839906 [debug] [Thread-1 (]: Using duckdb connection "test.quackdb_pipeline.not_null_fct_inference_requests_request_id.491b76382b"
[0m18:15:22.840104 [debug] [Thread-1 (]: On test.quackdb_pipeline.not_null_fct_inference_requests_request_id.491b76382b: BEGIN
[0m18:15:22.840258 [debug] [Thread-1 (]: Opening a new connection, currently in state closed
[0m18:15:22.840562 [debug] [Thread-1 (]: SQL status: OK in 0.000 seconds
[0m18:15:22.840708 [debug] [Thread-1 (]: Using duckdb connection "test.quackdb_pipeline.not_null_fct_inference_requests_request_id.491b76382b"
[0m18:15:22.840854 [debug] [Thread-1 (]: On test.quackdb_pipeline.not_null_fct_inference_requests_request_id.491b76382b: /* {"app": "dbt", "dbt_version": "1.11.12", "profile_name": "quackdb_profile", "target_name": "dev", "node_id": "test.quackdb_pipeline.not_null_fct_inference_requests_request_id.491b76382b"} */

    
    select
      count(*) as failures,
      count(*) != 0 as should_warn,
      count(*) != 0 as should_error
    from (
      
    
  
    
    



select request_id
from "quackdb"."main"."fct_inference_requests"
where request_id is null



  
  
      
    ) dbt_internal_test
[0m18:15:22.841322 [debug] [Thread-1 (]: SQL status: OK in 0.000 seconds
[0m18:15:22.842274 [debug] [Thread-1 (]: On test.quackdb_pipeline.not_null_fct_inference_requests_request_id.491b76382b: ROLLBACK
[0m18:15:22.842555 [debug] [Thread-1 (]: Failed to rollback 'test.quackdb_pipeline.not_null_fct_inference_requests_request_id.491b76382b'
[0m18:15:22.842695 [debug] [Thread-1 (]: On test.quackdb_pipeline.not_null_fct_inference_requests_request_id.491b76382b: Close
[0m18:15:22.842937 [info ] [Thread-1 (]: 4 of 9 PASS not_null_fct_inference_requests_request_id ......................... [[32mPASS[0m in 0.01s]
[0m18:15:22.843191 [debug] [Thread-1 (]: Finished running node test.quackdb_pipeline.not_null_fct_inference_requests_request_id.491b76382b
[0m18:15:22.843365 [debug] [Thread-1 (]: Began running node test.quackdb_pipeline.not_null_fct_inference_requests_status_code.041a386d9e
[0m18:15:22.843531 [info ] [Thread-1 (]: 5 of 9 START test not_null_fct_inference_requests_status_code .................. [RUN]
[0m18:15:22.843716 [debug] [Thread-1 (]: Re-using an available connection from the pool (formerly test.quackdb_pipeline.not_null_fct_inference_requests_request_id.491b76382b, now test.quackdb_pipeline.not_null_fct_inference_requests_status_code.041a386d9e)
[0m18:15:22.843870 [debug] [Thread-1 (]: Began compiling node test.quackdb_pipeline.not_null_fct_inference_requests_status_code.041a386d9e
[0m18:15:22.845502 [debug] [Thread-1 (]: Writing injected SQL for node "test.quackdb_pipeline.not_null_fct_inference_requests_status_code.041a386d9e"
[0m18:15:22.845830 [debug] [Thread-1 (]: Began executing node test.quackdb_pipeline.not_null_fct_inference_requests_status_code.041a386d9e
[0m18:15:22.846774 [debug] [Thread-1 (]: Writing runtime sql for node "test.quackdb_pipeline.not_null_fct_inference_requests_status_code.041a386d9e"
[0m18:15:22.847075 [debug] [Thread-1 (]: Using duckdb connection "test.quackdb_pipeline.not_null_fct_inference_requests_status_code.041a386d9e"
[0m18:15:22.847220 [debug] [Thread-1 (]: On test.quackdb_pipeline.not_null_fct_inference_requests_status_code.041a386d9e: BEGIN
[0m18:15:22.847366 [debug] [Thread-1 (]: Opening a new connection, currently in state closed
[0m18:15:22.847610 [debug] [Thread-1 (]: SQL status: OK in 0.000 seconds
[0m18:15:22.847752 [debug] [Thread-1 (]: Using duckdb connection "test.quackdb_pipeline.not_null_fct_inference_requests_status_code.041a386d9e"
[0m18:15:22.847907 [debug] [Thread-1 (]: On test.quackdb_pipeline.not_null_fct_inference_requests_status_code.041a386d9e: /* {"app": "dbt", "dbt_version": "1.11.12", "profile_name": "quackdb_profile", "target_name": "dev", "node_id": "test.quackdb_pipeline.not_null_fct_inference_requests_status_code.041a386d9e"} */

    
    select
      count(*) as failures,
      count(*) != 0 as should_warn,
      count(*) != 0 as should_error
    from (
      
    
  
    
    



select status_code
from "quackdb"."main"."fct_inference_requests"
where status_code is null



  
  
      
    ) dbt_internal_test
[0m18:15:22.848415 [debug] [Thread-1 (]: SQL status: OK in 0.000 seconds
[0m18:15:22.849096 [debug] [Thread-1 (]: On test.quackdb_pipeline.not_null_fct_inference_requests_status_code.041a386d9e: ROLLBACK
[0m18:15:22.849365 [debug] [Thread-1 (]: Failed to rollback 'test.quackdb_pipeline.not_null_fct_inference_requests_status_code.041a386d9e'
[0m18:15:22.849576 [debug] [Thread-1 (]: On test.quackdb_pipeline.not_null_fct_inference_requests_status_code.041a386d9e: Close
[0m18:15:22.849849 [info ] [Thread-1 (]: 5 of 9 PASS not_null_fct_inference_requests_status_code ........................ [[32mPASS[0m in 0.01s]
[0m18:15:22.850100 [debug] [Thread-1 (]: Finished running node test.quackdb_pipeline.not_null_fct_inference_requests_status_code.041a386d9e
[0m18:15:22.850269 [debug] [Thread-1 (]: Began running node test.quackdb_pipeline.not_null_stg_inference_logs_request_id.3c7c0f7a9a
[0m18:15:22.850465 [info ] [Thread-1 (]: 6 of 9 START test not_null_stg_inference_logs_request_id ....................... [RUN]
[0m18:15:22.850686 [debug] [Thread-1 (]: Re-using an available connection from the pool (formerly test.quackdb_pipeline.not_null_fct_inference_requests_status_code.041a386d9e, now test.quackdb_pipeline.not_null_stg_inference_logs_request_id.3c7c0f7a9a)
[0m18:15:22.850858 [debug] [Thread-1 (]: Began compiling node test.quackdb_pipeline.not_null_stg_inference_logs_request_id.3c7c0f7a9a
[0m18:15:22.852772 [debug] [Thread-1 (]: Writing injected SQL for node "test.quackdb_pipeline.not_null_stg_inference_logs_request_id.3c7c0f7a9a"
[0m18:15:22.853130 [debug] [Thread-1 (]: Began executing node test.quackdb_pipeline.not_null_stg_inference_logs_request_id.3c7c0f7a9a
[0m18:15:22.854009 [debug] [Thread-1 (]: Writing runtime sql for node "test.quackdb_pipeline.not_null_stg_inference_logs_request_id.3c7c0f7a9a"
[0m18:15:22.854285 [debug] [Thread-1 (]: Using duckdb connection "test.quackdb_pipeline.not_null_stg_inference_logs_request_id.3c7c0f7a9a"
[0m18:15:22.854434 [debug] [Thread-1 (]: On test.quackdb_pipeline.not_null_stg_inference_logs_request_id.3c7c0f7a9a: BEGIN
[0m18:15:22.854565 [debug] [Thread-1 (]: Opening a new connection, currently in state closed
[0m18:15:22.854798 [debug] [Thread-1 (]: SQL status: OK in 0.000 seconds
[0m18:15:22.854941 [debug] [Thread-1 (]: Using duckdb connection "test.quackdb_pipeline.not_null_stg_inference_logs_request_id.3c7c0f7a9a"
[0m18:15:22.855082 [debug] [Thread-1 (]: On test.quackdb_pipeline.not_null_stg_inference_logs_request_id.3c7c0f7a9a: /* {"app": "dbt", "dbt_version": "1.11.12", "profile_name": "quackdb_profile", "target_name": "dev", "node_id": "test.quackdb_pipeline.not_null_stg_inference_logs_request_id.3c7c0f7a9a"} */

    
    select
      count(*) as failures,
      count(*) != 0 as should_warn,
      count(*) != 0 as should_error
    from (
      
    
  
    
    



select request_id
from "quackdb"."main"."stg_inference_logs"
where request_id is null



  
  
      
    ) dbt_internal_test
[0m18:15:22.858751 [debug] [Thread-1 (]: SQL status: OK in 0.004 seconds
[0m18:15:22.859373 [debug] [Thread-1 (]: On test.quackdb_pipeline.not_null_stg_inference_logs_request_id.3c7c0f7a9a: ROLLBACK
[0m18:15:22.859618 [debug] [Thread-1 (]: Failed to rollback 'test.quackdb_pipeline.not_null_stg_inference_logs_request_id.3c7c0f7a9a'
[0m18:15:22.859757 [debug] [Thread-1 (]: On test.quackdb_pipeline.not_null_stg_inference_logs_request_id.3c7c0f7a9a: Close
[0m18:15:22.859972 [info ] [Thread-1 (]: 6 of 9 PASS not_null_stg_inference_logs_request_id ............................. [[32mPASS[0m in 0.01s]
[0m18:15:22.860199 [debug] [Thread-1 (]: Finished running node test.quackdb_pipeline.not_null_stg_inference_logs_request_id.3c7c0f7a9a
[0m18:15:22.860365 [debug] [Thread-1 (]: Began running node test.quackdb_pipeline.unique_dim_hardware_nodes_node_id.4417a76e9d
[0m18:15:22.860524 [info ] [Thread-1 (]: 7 of 9 START test unique_dim_hardware_nodes_node_id ............................ [RUN]
[0m18:15:22.860693 [debug] [Thread-1 (]: Re-using an available connection from the pool (formerly test.quackdb_pipeline.not_null_stg_inference_logs_request_id.3c7c0f7a9a, now test.quackdb_pipeline.unique_dim_hardware_nodes_node_id.4417a76e9d)
[0m18:15:22.860841 [debug] [Thread-1 (]: Began compiling node test.quackdb_pipeline.unique_dim_hardware_nodes_node_id.4417a76e9d
[0m18:15:22.863592 [debug] [Thread-1 (]: Writing injected SQL for node "test.quackdb_pipeline.unique_dim_hardware_nodes_node_id.4417a76e9d"
[0m18:15:22.863875 [debug] [Thread-1 (]: Began executing node test.quackdb_pipeline.unique_dim_hardware_nodes_node_id.4417a76e9d
[0m18:15:22.864970 [debug] [Thread-1 (]: Writing runtime sql for node "test.quackdb_pipeline.unique_dim_hardware_nodes_node_id.4417a76e9d"
[0m18:15:22.865295 [debug] [Thread-1 (]: Using duckdb connection "test.quackdb_pipeline.unique_dim_hardware_nodes_node_id.4417a76e9d"
[0m18:15:22.865456 [debug] [Thread-1 (]: On test.quackdb_pipeline.unique_dim_hardware_nodes_node_id.4417a76e9d: BEGIN
[0m18:15:22.865607 [debug] [Thread-1 (]: Opening a new connection, currently in state closed
[0m18:15:22.865854 [debug] [Thread-1 (]: SQL status: OK in 0.000 seconds
[0m18:15:22.865995 [debug] [Thread-1 (]: Using duckdb connection "test.quackdb_pipeline.unique_dim_hardware_nodes_node_id.4417a76e9d"
[0m18:15:22.866142 [debug] [Thread-1 (]: On test.quackdb_pipeline.unique_dim_hardware_nodes_node_id.4417a76e9d: /* {"app": "dbt", "dbt_version": "1.11.12", "profile_name": "quackdb_profile", "target_name": "dev", "node_id": "test.quackdb_pipeline.unique_dim_hardware_nodes_node_id.4417a76e9d"} */

    
    select
      count(*) as failures,
      count(*) != 0 as should_warn,
      count(*) != 0 as should_error
    from (
      
    
  
    
    

select
    node_id as unique_field,
    count(*) as n_records

from "quackdb"."main"."dim_hardware_nodes"
where node_id is not null
group by node_id
having count(*) > 1



  
  
      
    ) dbt_internal_test
[0m18:15:22.869710 [debug] [Thread-1 (]: SQL status: OK in 0.003 seconds
[0m18:15:22.870389 [debug] [Thread-1 (]: On test.quackdb_pipeline.unique_dim_hardware_nodes_node_id.4417a76e9d: ROLLBACK
[0m18:15:22.870638 [debug] [Thread-1 (]: Failed to rollback 'test.quackdb_pipeline.unique_dim_hardware_nodes_node_id.4417a76e9d'
[0m18:15:22.870776 [debug] [Thread-1 (]: On test.quackdb_pipeline.unique_dim_hardware_nodes_node_id.4417a76e9d: Close
[0m18:15:22.871002 [info ] [Thread-1 (]: 7 of 9 PASS unique_dim_hardware_nodes_node_id .................................. [[32mPASS[0m in 0.01s]
[0m18:15:22.871238 [debug] [Thread-1 (]: Finished running node test.quackdb_pipeline.unique_dim_hardware_nodes_node_id.4417a76e9d
[0m18:15:22.871402 [debug] [Thread-1 (]: Began running node test.quackdb_pipeline.unique_fct_inference_requests_request_id.7fd51e76b4
[0m18:15:22.871580 [info ] [Thread-1 (]: 8 of 9 START test unique_fct_inference_requests_request_id ..................... [RUN]
[0m18:15:22.871752 [debug] [Thread-1 (]: Re-using an available connection from the pool (formerly test.quackdb_pipeline.unique_dim_hardware_nodes_node_id.4417a76e9d, now test.quackdb_pipeline.unique_fct_inference_requests_request_id.7fd51e76b4)
[0m18:15:22.871901 [debug] [Thread-1 (]: Began compiling node test.quackdb_pipeline.unique_fct_inference_requests_request_id.7fd51e76b4
[0m18:15:22.873497 [debug] [Thread-1 (]: Writing injected SQL for node "test.quackdb_pipeline.unique_fct_inference_requests_request_id.7fd51e76b4"
[0m18:15:22.873767 [debug] [Thread-1 (]: Began executing node test.quackdb_pipeline.unique_fct_inference_requests_request_id.7fd51e76b4
[0m18:15:22.874936 [debug] [Thread-1 (]: Writing runtime sql for node "test.quackdb_pipeline.unique_fct_inference_requests_request_id.7fd51e76b4"
[0m18:15:22.875231 [debug] [Thread-1 (]: Using duckdb connection "test.quackdb_pipeline.unique_fct_inference_requests_request_id.7fd51e76b4"
[0m18:15:22.875380 [debug] [Thread-1 (]: On test.quackdb_pipeline.unique_fct_inference_requests_request_id.7fd51e76b4: BEGIN
[0m18:15:22.875509 [debug] [Thread-1 (]: Opening a new connection, currently in state closed
[0m18:15:22.875727 [debug] [Thread-1 (]: SQL status: OK in 0.000 seconds
[0m18:15:22.875872 [debug] [Thread-1 (]: Using duckdb connection "test.quackdb_pipeline.unique_fct_inference_requests_request_id.7fd51e76b4"
[0m18:15:22.876016 [debug] [Thread-1 (]: On test.quackdb_pipeline.unique_fct_inference_requests_request_id.7fd51e76b4: /* {"app": "dbt", "dbt_version": "1.11.12", "profile_name": "quackdb_profile", "target_name": "dev", "node_id": "test.quackdb_pipeline.unique_fct_inference_requests_request_id.7fd51e76b4"} */

    
    select
      count(*) as failures,
      count(*) != 0 as should_warn,
      count(*) != 0 as should_error
    from (
      
    
  
    
    

select
    request_id as unique_field,
    count(*) as n_records

from "quackdb"."main"."fct_inference_requests"
where request_id is not null
group by request_id
having count(*) > 1



  
  
      
    ) dbt_internal_test
[0m18:15:22.888459 [debug] [Thread-1 (]: SQL status: OK in 0.012 seconds
[0m18:15:22.889392 [debug] [Thread-1 (]: On test.quackdb_pipeline.unique_fct_inference_requests_request_id.7fd51e76b4: ROLLBACK
[0m18:15:22.889732 [debug] [Thread-1 (]: Failed to rollback 'test.quackdb_pipeline.unique_fct_inference_requests_request_id.7fd51e76b4'
[0m18:15:22.889889 [debug] [Thread-1 (]: On test.quackdb_pipeline.unique_fct_inference_requests_request_id.7fd51e76b4: Close
[0m18:15:22.890168 [info ] [Thread-1 (]: 8 of 9 PASS unique_fct_inference_requests_request_id ........................... [[32mPASS[0m in 0.02s]
[0m18:15:22.890423 [debug] [Thread-1 (]: Finished running node test.quackdb_pipeline.unique_fct_inference_requests_request_id.7fd51e76b4
[0m18:15:22.890603 [debug] [Thread-1 (]: Began running node test.quackdb_pipeline.unique_stg_inference_logs_request_id.dd87439dcc
[0m18:15:22.890815 [info ] [Thread-1 (]: 9 of 9 START test unique_stg_inference_logs_request_id ......................... [RUN]
[0m18:15:22.891060 [debug] [Thread-1 (]: Re-using an available connection from the pool (formerly test.quackdb_pipeline.unique_fct_inference_requests_request_id.7fd51e76b4, now test.quackdb_pipeline.unique_stg_inference_logs_request_id.dd87439dcc)
[0m18:15:22.891232 [debug] [Thread-1 (]: Began compiling node test.quackdb_pipeline.unique_stg_inference_logs_request_id.dd87439dcc
[0m18:15:22.893088 [debug] [Thread-1 (]: Writing injected SQL for node "test.quackdb_pipeline.unique_stg_inference_logs_request_id.dd87439dcc"
[0m18:15:22.893508 [debug] [Thread-1 (]: Began executing node test.quackdb_pipeline.unique_stg_inference_logs_request_id.dd87439dcc
[0m18:15:22.894685 [debug] [Thread-1 (]: Writing runtime sql for node "test.quackdb_pipeline.unique_stg_inference_logs_request_id.dd87439dcc"
[0m18:15:22.895936 [debug] [Thread-1 (]: Using duckdb connection "test.quackdb_pipeline.unique_stg_inference_logs_request_id.dd87439dcc"
[0m18:15:22.896138 [debug] [Thread-1 (]: On test.quackdb_pipeline.unique_stg_inference_logs_request_id.dd87439dcc: BEGIN
[0m18:15:22.896300 [debug] [Thread-1 (]: Opening a new connection, currently in state closed
[0m18:15:22.896606 [debug] [Thread-1 (]: SQL status: OK in 0.000 seconds
[0m18:15:22.896763 [debug] [Thread-1 (]: Using duckdb connection "test.quackdb_pipeline.unique_stg_inference_logs_request_id.dd87439dcc"
[0m18:15:22.896941 [debug] [Thread-1 (]: On test.quackdb_pipeline.unique_stg_inference_logs_request_id.dd87439dcc: /* {"app": "dbt", "dbt_version": "1.11.12", "profile_name": "quackdb_profile", "target_name": "dev", "node_id": "test.quackdb_pipeline.unique_stg_inference_logs_request_id.dd87439dcc"} */

    
    select
      count(*) as failures,
      count(*) != 0 as should_warn,
      count(*) != 0 as should_error
    from (
      
    
  
    
    

select
    request_id as unique_field,
    count(*) as n_records

from "quackdb"."main"."stg_inference_logs"
where request_id is not null
group by request_id
having count(*) > 1



  
  
      
    ) dbt_internal_test
[0m18:15:22.925547 [debug] [Thread-1 (]: SQL status: OK in 0.028 seconds
[0m18:15:22.926372 [debug] [Thread-1 (]: On test.quackdb_pipeline.unique_stg_inference_logs_request_id.dd87439dcc: ROLLBACK
[0m18:15:22.926688 [debug] [Thread-1 (]: Failed to rollback 'test.quackdb_pipeline.unique_stg_inference_logs_request_id.dd87439dcc'
[0m18:15:22.926836 [debug] [Thread-1 (]: On test.quackdb_pipeline.unique_stg_inference_logs_request_id.dd87439dcc: Close
[0m18:15:22.927097 [info ] [Thread-1 (]: 9 of 9 PASS unique_stg_inference_logs_request_id ............................... [[32mPASS[0m in 0.04s]
[0m18:15:22.927353 [debug] [Thread-1 (]: Finished running node test.quackdb_pipeline.unique_stg_inference_logs_request_id.dd87439dcc
[0m18:15:22.927977 [debug] [MainThread]: Using duckdb connection "master"
[0m18:15:22.928129 [debug] [MainThread]: On master: BEGIN
[0m18:15:22.928253 [debug] [MainThread]: Opening a new connection, currently in state closed
[0m18:15:22.928510 [debug] [MainThread]: SQL status: OK in 0.000 seconds
[0m18:15:22.928633 [debug] [MainThread]: On master: COMMIT
[0m18:15:22.928748 [debug] [MainThread]: Using duckdb connection "master"
[0m18:15:22.928856 [debug] [MainThread]: On master: COMMIT
[0m18:15:22.929021 [debug] [MainThread]: SQL status: OK in 0.000 seconds
[0m18:15:22.929131 [debug] [MainThread]: On master: Close
[0m18:15:22.929273 [debug] [MainThread]: Connection 'master' was properly closed.
[0m18:15:22.929383 [debug] [MainThread]: Connection 'test.quackdb_pipeline.unique_stg_inference_logs_request_id.dd87439dcc' was properly closed.
[0m18:15:22.929511 [info ] [MainThread]: 
[0m18:15:22.929649 [info ] [MainThread]: Finished running 9 data tests in 0 hours 0 minutes and 0.23 seconds (0.23s).
[0m18:15:22.930484 [debug] [MainThread]: Command end result
[0m18:15:22.945612 [debug] [MainThread]: Wrote artifact WritableManifest to /Users/samarth16/projectos/Quackdb/QuackDB/dbt_pipeline/target/manifest.json
[0m18:15:22.946507 [debug] [MainThread]: Wrote artifact SemanticManifest to /Users/samarth16/projectos/Quackdb/QuackDB/dbt_pipeline/target/semantic_manifest.json
[0m18:15:22.950253 [debug] [MainThread]: Wrote artifact RunExecutionResult to /Users/samarth16/projectos/Quackdb/QuackDB/dbt_pipeline/target/run_results.json
[0m18:15:22.950396 [info ] [MainThread]: 
[0m18:15:22.950570 [info ] [MainThread]: [32mCompleted successfully[0m
[0m18:15:22.950703 [info ] [MainThread]: 
[0m18:15:22.950857 [info ] [MainThread]: Done. PASS=9 WARN=0 ERROR=0 SKIP=0 NO-OP=0 TOTAL=9
[0m18:15:22.951110 [warn ] [MainThread]: [[33mWARNING[0m][DeprecationsSummary]: Deprecated functionality
Summary of encountered deprecations:
- MissingArgumentsPropertyInGenericTestDeprecation: 1 occurrence
To see all deprecation instances instead of just the first occurrence of each,
run command again with the `--show-all-deprecations` flag. You may also need to
run with `--no-partial-parse` as some deprecations are only encountered during
parsing.
[0m18:15:22.953398 [debug] [MainThread]: Resource report: {"command_name": "test", "command_success": true, "command_wall_clock_time": 0.87983847, "process_in_blocks": "0", "process_kernel_time": 0.252374, "process_mem_max_rss": "201392128", "process_out_blocks": "0", "process_user_time": 1.203035}
[0m18:15:22.953590 [debug] [MainThread]: Command `dbt test` succeeded at 18:15:22.953556 after 0.88 seconds
[0m18:15:22.953753 [debug] [MainThread]: Sending event: {'category': 'dbt', 'action': 'invocation', 'label': 'end', 'context': [<snowplow_tracker.self_describing_json.SelfDescribingJson object at 0x10c13d650>, <snowplow_tracker.self_describing_json.SelfDescribingJson object at 0x10c4b4550>, <snowplow_tracker.self_describing_json.SelfDescribingJson object at 0x10c4b4870>]}
[0m18:15:22.953910 [debug] [MainThread]: Flushing usage events
[0m18:15:23.136194 [debug] [MainThread]: An error was encountered while trying to flush usage events
[0m18:16:37.458361 [debug] [MainThread]: Sending event: {'category': 'dbt', 'action': 'invocation', 'label': 'start', 'context': [<snowplow_tracker.self_describing_json.SelfDescribingJson object at 0x10ca75400>, <snowplow_tracker.self_describing_json.SelfDescribingJson object at 0x10dc53750>, <snowplow_tracker.self_describing_json.SelfDescribingJson object at 0x10dc53890>]}


============================== 18:16:37.461193 | c24b0bce-c350-47ab-8c46-e132545397ef ==============================
[0m18:16:37.461193 [info ] [MainThread]: Running with dbt=1.11.12
[0m18:16:37.461494 [debug] [MainThread]: running dbt with arguments {'write_json': 'True', 'warn_error': 'None', 'no_print': 'None', 'invocation_command': 'dbt test --profiles-dir .', 'partial_parse': 'True', 'introspect': 'True', 'debug': 'False', 'empty': 'None', 'fail_fast': 'False', 'log_path': '/Users/samarth16/projectos/Quackdb/QuackDB/dbt_pipeline/logs', 'log_format': 'default', 'version_check': 'True', 'profiles_dir': '.', 'send_anonymous_usage_stats': 'True', 'use_experimental_parser': 'False', 'log_cache_events': 'False', 'cache_selected_only': 'False', 'indirect_selection': 'eager', 'target_path': 'None', 'static_parser': 'True', 'warn_error_options': 'WarnErrorOptionsV2(error=[], warn=[], silence=[])', 'quiet': 'False', 'use_colors': 'True', 'printer_width': '80'}
[0m18:16:37.692508 [debug] [MainThread]: Sending event: {'category': 'dbt', 'action': 'project_id', 'label': 'c24b0bce-c350-47ab-8c46-e132545397ef', 'context': [<snowplow_tracker.self_describing_json.SelfDescribingJson object at 0x10cede2c0>]}
[0m18:16:37.721710 [debug] [MainThread]: Sending event: {'category': 'dbt', 'action': 'adapter_info', 'label': 'c24b0bce-c350-47ab-8c46-e132545397ef', 'context': [<snowplow_tracker.self_describing_json.SelfDescribingJson object at 0x10dc9a8b0>]}
[0m18:16:37.723163 [info ] [MainThread]: Registered adapter: duckdb=1.10.1
[0m18:16:37.773693 [debug] [MainThread]: checksum: f368f5348cf42803b94ef7fb8257ecf3bf9a9a16dd9c8c51fe5172f2dbeb457f, vars: {}, profile: , target: , version: 1.11.12
[0m18:16:37.841853 [debug] [MainThread]: Partial parsing enabled: 0 files deleted, 0 files added, 1 files changed.
[0m18:16:37.842351 [debug] [MainThread]: Partial parsing: updated file: quackdb_pipeline://models/schema.yml
[0m18:16:38.070620 [debug] [MainThread]: Sending event: {'category': 'dbt', 'action': 'load_project', 'label': 'c24b0bce-c350-47ab-8c46-e132545397ef', 'context': [<snowplow_tracker.self_describing_json.SelfDescribingJson object at 0x10e249f50>]}
[0m18:16:38.108292 [debug] [MainThread]: Wrote artifact WritableManifest to /Users/samarth16/projectos/Quackdb/QuackDB/dbt_pipeline/target/manifest.json
[0m18:16:38.109790 [debug] [MainThread]: Wrote artifact SemanticManifest to /Users/samarth16/projectos/Quackdb/QuackDB/dbt_pipeline/target/semantic_manifest.json
[0m18:16:38.123518 [debug] [MainThread]: Sending event: {'category': 'dbt', 'action': 'resource_counts', 'label': 'c24b0bce-c350-47ab-8c46-e132545397ef', 'context': [<snowplow_tracker.self_describing_json.SelfDescribingJson object at 0x10e529310>]}
[0m18:16:38.123758 [info ] [MainThread]: Found 3 models, 9 data tests, 485 macros
[0m18:16:38.123951 [debug] [MainThread]: Sending event: {'category': 'dbt', 'action': 'runnable_timing', 'label': 'c24b0bce-c350-47ab-8c46-e132545397ef', 'context': [<snowplow_tracker.self_describing_json.SelfDescribingJson object at 0x10e27a270>]}
[0m18:16:38.124914 [info ] [MainThread]: 
[0m18:16:38.125092 [info ] [MainThread]: Concurrency: 1 threads (target='dev')
[0m18:16:38.125221 [info ] [MainThread]: 
[0m18:16:38.125440 [debug] [MainThread]: Acquiring new duckdb connection 'master'
[0m18:16:38.127497 [debug] [ThreadPool]: Acquiring new duckdb connection 'list_quackdb_main'
[0m18:16:38.160708 [debug] [ThreadPool]: Using duckdb connection "list_quackdb_main"
[0m18:16:38.160931 [debug] [ThreadPool]: On list_quackdb_main: BEGIN
[0m18:16:38.161066 [debug] [ThreadPool]: Opening a new connection, currently in state init
[0m18:16:38.175155 [debug] [ThreadPool]: SQL status: OK in 0.014 seconds
[0m18:16:38.175351 [debug] [ThreadPool]: Using duckdb connection "list_quackdb_main"
[0m18:16:38.175494 [debug] [ThreadPool]: On list_quackdb_main: /* {"app": "dbt", "dbt_version": "1.11.12", "profile_name": "quackdb_profile", "target_name": "dev", "connection_name": "list_quackdb_main"} */
select
      'quackdb' as database,
      table_name as name,
      table_schema as schema,
      CASE table_type
        WHEN 'BASE TABLE' THEN 'table'
        WHEN 'VIEW' THEN 'view'
        WHEN 'LOCAL TEMPORARY' THEN 'table'
        END as type
    from system.information_schema.tables
    where lower(table_schema) = 'main'
    and lower(table_catalog) = 'quackdb'
  
[0m18:16:38.183459 [debug] [ThreadPool]: SQL status: OK in 0.008 seconds
[0m18:16:38.185299 [debug] [ThreadPool]: On list_quackdb_main: ROLLBACK
[0m18:16:38.186085 [debug] [ThreadPool]: Failed to rollback 'list_quackdb_main'
[0m18:16:38.186228 [debug] [ThreadPool]: On list_quackdb_main: Close
[0m18:16:38.187121 [debug] [MainThread]: Sending event: {'category': 'dbt', 'action': 'runnable_timing', 'label': 'c24b0bce-c350-47ab-8c46-e132545397ef', 'context': [<snowplow_tracker.self_describing_json.SelfDescribingJson object at 0x10e732680>]}
[0m18:16:38.187350 [debug] [MainThread]: Using duckdb connection "master"
[0m18:16:38.187477 [debug] [MainThread]: On master: BEGIN
[0m18:16:38.187587 [debug] [MainThread]: Opening a new connection, currently in state init
[0m18:16:38.187794 [debug] [MainThread]: SQL status: OK in 0.000 seconds
[0m18:16:38.187918 [debug] [MainThread]: On master: COMMIT
[0m18:16:38.188036 [debug] [MainThread]: Using duckdb connection "master"
[0m18:16:38.188146 [debug] [MainThread]: On master: COMMIT
[0m18:16:38.188334 [debug] [MainThread]: SQL status: OK in 0.000 seconds
[0m18:16:38.188515 [debug] [MainThread]: On master: Close
[0m18:16:38.189798 [debug] [Thread-1 (]: Began running node test.quackdb_pipeline.accepted_values_fct_inference_requests_status_code__200__500.6044fbe809
[0m18:16:38.189980 [info ] [Thread-1 (]: 1 of 9 START test accepted_values_fct_inference_requests_status_code__200__500 . [RUN]
[0m18:16:38.190184 [debug] [Thread-1 (]: Re-using an available connection from the pool (formerly list_quackdb_main, now test.quackdb_pipeline.accepted_values_fct_inference_requests_status_code__200__500.6044fbe809)
[0m18:16:38.190344 [debug] [Thread-1 (]: Began compiling node test.quackdb_pipeline.accepted_values_fct_inference_requests_status_code__200__500.6044fbe809
[0m18:16:38.194136 [debug] [Thread-1 (]: Writing injected SQL for node "test.quackdb_pipeline.accepted_values_fct_inference_requests_status_code__200__500.6044fbe809"
[0m18:16:38.194609 [debug] [Thread-1 (]: Began executing node test.quackdb_pipeline.accepted_values_fct_inference_requests_status_code__200__500.6044fbe809
[0m18:16:38.204139 [debug] [Thread-1 (]: Writing runtime sql for node "test.quackdb_pipeline.accepted_values_fct_inference_requests_status_code__200__500.6044fbe809"
[0m18:16:38.204668 [debug] [Thread-1 (]: Using duckdb connection "test.quackdb_pipeline.accepted_values_fct_inference_requests_status_code__200__500.6044fbe809"
[0m18:16:38.204837 [debug] [Thread-1 (]: On test.quackdb_pipeline.accepted_values_fct_inference_requests_status_code__200__500.6044fbe809: BEGIN
[0m18:16:38.204985 [debug] [Thread-1 (]: Opening a new connection, currently in state closed
[0m18:16:38.205283 [debug] [Thread-1 (]: SQL status: OK in 0.000 seconds
[0m18:16:38.205437 [debug] [Thread-1 (]: Using duckdb connection "test.quackdb_pipeline.accepted_values_fct_inference_requests_status_code__200__500.6044fbe809"
[0m18:16:38.205600 [debug] [Thread-1 (]: On test.quackdb_pipeline.accepted_values_fct_inference_requests_status_code__200__500.6044fbe809: /* {"app": "dbt", "dbt_version": "1.11.12", "profile_name": "quackdb_profile", "target_name": "dev", "node_id": "test.quackdb_pipeline.accepted_values_fct_inference_requests_status_code__200__500.6044fbe809"} */

    
    select
      count(*) as failures,
      count(*) != 0 as should_warn,
      count(*) != 0 as should_error
    from (
      
    
  
    
    

with all_values as (

    select
        status_code as value_field,
        count(*) as n_records

    from "quackdb"."main"."fct_inference_requests"
    group by status_code

)

select *
from all_values
where value_field not in (
    '200','500'
)



  
  
      
    ) dbt_internal_test
[0m18:16:38.213625 [debug] [Thread-1 (]: SQL status: OK in 0.008 seconds
[0m18:16:38.215979 [debug] [Thread-1 (]: On test.quackdb_pipeline.accepted_values_fct_inference_requests_status_code__200__500.6044fbe809: ROLLBACK
[0m18:16:38.216288 [debug] [Thread-1 (]: Failed to rollback 'test.quackdb_pipeline.accepted_values_fct_inference_requests_status_code__200__500.6044fbe809'
[0m18:16:38.216443 [debug] [Thread-1 (]: On test.quackdb_pipeline.accepted_values_fct_inference_requests_status_code__200__500.6044fbe809: Close
[0m18:16:38.216705 [info ] [Thread-1 (]: 1 of 9 PASS accepted_values_fct_inference_requests_status_code__200__500 ....... [[32mPASS[0m in 0.03s]
[0m18:16:38.216958 [debug] [Thread-1 (]: Finished running node test.quackdb_pipeline.accepted_values_fct_inference_requests_status_code__200__500.6044fbe809
[0m18:16:38.217134 [debug] [Thread-1 (]: Began running node test.quackdb_pipeline.not_null_dim_hardware_nodes_hardware_tier.97f4cf700f
[0m18:16:38.217318 [info ] [Thread-1 (]: 2 of 9 START test not_null_dim_hardware_nodes_hardware_tier .................... [RUN]
[0m18:16:38.217505 [debug] [Thread-1 (]: Re-using an available connection from the pool (formerly test.quackdb_pipeline.accepted_values_fct_inference_requests_status_code__200__500.6044fbe809, now test.quackdb_pipeline.not_null_dim_hardware_nodes_hardware_tier.97f4cf700f)
[0m18:16:38.217659 [debug] [Thread-1 (]: Began compiling node test.quackdb_pipeline.not_null_dim_hardware_nodes_hardware_tier.97f4cf700f
[0m18:16:38.220461 [debug] [Thread-1 (]: Writing injected SQL for node "test.quackdb_pipeline.not_null_dim_hardware_nodes_hardware_tier.97f4cf700f"
[0m18:16:38.220927 [debug] [Thread-1 (]: Began executing node test.quackdb_pipeline.not_null_dim_hardware_nodes_hardware_tier.97f4cf700f
[0m18:16:38.222086 [debug] [Thread-1 (]: Writing runtime sql for node "test.quackdb_pipeline.not_null_dim_hardware_nodes_hardware_tier.97f4cf700f"
[0m18:16:38.222653 [debug] [Thread-1 (]: Using duckdb connection "test.quackdb_pipeline.not_null_dim_hardware_nodes_hardware_tier.97f4cf700f"
[0m18:16:38.222831 [debug] [Thread-1 (]: On test.quackdb_pipeline.not_null_dim_hardware_nodes_hardware_tier.97f4cf700f: BEGIN
[0m18:16:38.222975 [debug] [Thread-1 (]: Opening a new connection, currently in state closed
[0m18:16:38.223224 [debug] [Thread-1 (]: SQL status: OK in 0.000 seconds
[0m18:16:38.223372 [debug] [Thread-1 (]: Using duckdb connection "test.quackdb_pipeline.not_null_dim_hardware_nodes_hardware_tier.97f4cf700f"
[0m18:16:38.223527 [debug] [Thread-1 (]: On test.quackdb_pipeline.not_null_dim_hardware_nodes_hardware_tier.97f4cf700f: /* {"app": "dbt", "dbt_version": "1.11.12", "profile_name": "quackdb_profile", "target_name": "dev", "node_id": "test.quackdb_pipeline.not_null_dim_hardware_nodes_hardware_tier.97f4cf700f"} */

    
    select
      count(*) as failures,
      count(*) != 0 as should_warn,
      count(*) != 0 as should_error
    from (
      
    
  
    
    



select hardware_tier
from "quackdb"."main"."dim_hardware_nodes"
where hardware_tier is null



  
  
      
    ) dbt_internal_test
[0m18:16:38.223939 [debug] [Thread-1 (]: SQL status: OK in 0.000 seconds
[0m18:16:38.224619 [debug] [Thread-1 (]: On test.quackdb_pipeline.not_null_dim_hardware_nodes_hardware_tier.97f4cf700f: ROLLBACK
[0m18:16:38.224894 [debug] [Thread-1 (]: Failed to rollback 'test.quackdb_pipeline.not_null_dim_hardware_nodes_hardware_tier.97f4cf700f'
[0m18:16:38.225039 [debug] [Thread-1 (]: On test.quackdb_pipeline.not_null_dim_hardware_nodes_hardware_tier.97f4cf700f: Close
[0m18:16:38.225259 [info ] [Thread-1 (]: 2 of 9 PASS not_null_dim_hardware_nodes_hardware_tier .......................... [[32mPASS[0m in 0.01s]
[0m18:16:38.225492 [debug] [Thread-1 (]: Finished running node test.quackdb_pipeline.not_null_dim_hardware_nodes_hardware_tier.97f4cf700f
[0m18:16:38.225651 [debug] [Thread-1 (]: Began running node test.quackdb_pipeline.not_null_dim_hardware_nodes_node_id.c63b3d2666
[0m18:16:38.225817 [info ] [Thread-1 (]: 3 of 9 START test not_null_dim_hardware_nodes_node_id .......................... [RUN]
[0m18:16:38.225989 [debug] [Thread-1 (]: Re-using an available connection from the pool (formerly test.quackdb_pipeline.not_null_dim_hardware_nodes_hardware_tier.97f4cf700f, now test.quackdb_pipeline.not_null_dim_hardware_nodes_node_id.c63b3d2666)
[0m18:16:38.226133 [debug] [Thread-1 (]: Began compiling node test.quackdb_pipeline.not_null_dim_hardware_nodes_node_id.c63b3d2666
[0m18:16:38.227752 [debug] [Thread-1 (]: Writing injected SQL for node "test.quackdb_pipeline.not_null_dim_hardware_nodes_node_id.c63b3d2666"
[0m18:16:38.228157 [debug] [Thread-1 (]: Began executing node test.quackdb_pipeline.not_null_dim_hardware_nodes_node_id.c63b3d2666
[0m18:16:38.229265 [debug] [Thread-1 (]: Writing runtime sql for node "test.quackdb_pipeline.not_null_dim_hardware_nodes_node_id.c63b3d2666"
[0m18:16:38.229679 [debug] [Thread-1 (]: Using duckdb connection "test.quackdb_pipeline.not_null_dim_hardware_nodes_node_id.c63b3d2666"
[0m18:16:38.229831 [debug] [Thread-1 (]: On test.quackdb_pipeline.not_null_dim_hardware_nodes_node_id.c63b3d2666: BEGIN
[0m18:16:38.229963 [debug] [Thread-1 (]: Opening a new connection, currently in state closed
[0m18:16:38.230178 [debug] [Thread-1 (]: SQL status: OK in 0.000 seconds
[0m18:16:38.230321 [debug] [Thread-1 (]: Using duckdb connection "test.quackdb_pipeline.not_null_dim_hardware_nodes_node_id.c63b3d2666"
[0m18:16:38.230470 [debug] [Thread-1 (]: On test.quackdb_pipeline.not_null_dim_hardware_nodes_node_id.c63b3d2666: /* {"app": "dbt", "dbt_version": "1.11.12", "profile_name": "quackdb_profile", "target_name": "dev", "node_id": "test.quackdb_pipeline.not_null_dim_hardware_nodes_node_id.c63b3d2666"} */

    
    select
      count(*) as failures,
      count(*) != 0 as should_warn,
      count(*) != 0 as should_error
    from (
      
    
  
    
    



select node_id
from "quackdb"."main"."dim_hardware_nodes"
where node_id is null



  
  
      
    ) dbt_internal_test
[0m18:16:38.230893 [debug] [Thread-1 (]: SQL status: OK in 0.000 seconds
[0m18:16:38.231539 [debug] [Thread-1 (]: On test.quackdb_pipeline.not_null_dim_hardware_nodes_node_id.c63b3d2666: ROLLBACK
[0m18:16:38.231865 [debug] [Thread-1 (]: Failed to rollback 'test.quackdb_pipeline.not_null_dim_hardware_nodes_node_id.c63b3d2666'
[0m18:16:38.232052 [debug] [Thread-1 (]: On test.quackdb_pipeline.not_null_dim_hardware_nodes_node_id.c63b3d2666: Close
[0m18:16:38.232299 [info ] [Thread-1 (]: 3 of 9 PASS not_null_dim_hardware_nodes_node_id ................................ [[32mPASS[0m in 0.01s]
[0m18:16:38.232543 [debug] [Thread-1 (]: Finished running node test.quackdb_pipeline.not_null_dim_hardware_nodes_node_id.c63b3d2666
[0m18:16:38.233082 [debug] [Thread-1 (]: Began running node test.quackdb_pipeline.not_null_fct_inference_requests_request_id.491b76382b
[0m18:16:38.233358 [info ] [Thread-1 (]: 4 of 9 START test not_null_fct_inference_requests_request_id ................... [RUN]
[0m18:16:38.233584 [debug] [Thread-1 (]: Re-using an available connection from the pool (formerly test.quackdb_pipeline.not_null_dim_hardware_nodes_node_id.c63b3d2666, now test.quackdb_pipeline.not_null_fct_inference_requests_request_id.491b76382b)
[0m18:16:38.233756 [debug] [Thread-1 (]: Began compiling node test.quackdb_pipeline.not_null_fct_inference_requests_request_id.491b76382b
[0m18:16:38.235501 [debug] [Thread-1 (]: Writing injected SQL for node "test.quackdb_pipeline.not_null_fct_inference_requests_request_id.491b76382b"
[0m18:16:38.235833 [debug] [Thread-1 (]: Began executing node test.quackdb_pipeline.not_null_fct_inference_requests_request_id.491b76382b
[0m18:16:38.236734 [debug] [Thread-1 (]: Writing runtime sql for node "test.quackdb_pipeline.not_null_fct_inference_requests_request_id.491b76382b"
[0m18:16:38.237016 [debug] [Thread-1 (]: Using duckdb connection "test.quackdb_pipeline.not_null_fct_inference_requests_request_id.491b76382b"
[0m18:16:38.237169 [debug] [Thread-1 (]: On test.quackdb_pipeline.not_null_fct_inference_requests_request_id.491b76382b: BEGIN
[0m18:16:38.237307 [debug] [Thread-1 (]: Opening a new connection, currently in state closed
[0m18:16:38.237554 [debug] [Thread-1 (]: SQL status: OK in 0.000 seconds
[0m18:16:38.237703 [debug] [Thread-1 (]: Using duckdb connection "test.quackdb_pipeline.not_null_fct_inference_requests_request_id.491b76382b"
[0m18:16:38.237855 [debug] [Thread-1 (]: On test.quackdb_pipeline.not_null_fct_inference_requests_request_id.491b76382b: /* {"app": "dbt", "dbt_version": "1.11.12", "profile_name": "quackdb_profile", "target_name": "dev", "node_id": "test.quackdb_pipeline.not_null_fct_inference_requests_request_id.491b76382b"} */

    
    select
      count(*) as failures,
      count(*) != 0 as should_warn,
      count(*) != 0 as should_error
    from (
      
    
  
    
    



select request_id
from "quackdb"."main"."fct_inference_requests"
where request_id is null



  
  
      
    ) dbt_internal_test
[0m18:16:38.238339 [debug] [Thread-1 (]: SQL status: OK in 0.000 seconds
[0m18:16:38.238991 [debug] [Thread-1 (]: On test.quackdb_pipeline.not_null_fct_inference_requests_request_id.491b76382b: ROLLBACK
[0m18:16:38.239241 [debug] [Thread-1 (]: Failed to rollback 'test.quackdb_pipeline.not_null_fct_inference_requests_request_id.491b76382b'
[0m18:16:38.239382 [debug] [Thread-1 (]: On test.quackdb_pipeline.not_null_fct_inference_requests_request_id.491b76382b: Close
[0m18:16:38.239620 [info ] [Thread-1 (]: 4 of 9 PASS not_null_fct_inference_requests_request_id ......................... [[32mPASS[0m in 0.01s]
[0m18:16:38.239847 [debug] [Thread-1 (]: Finished running node test.quackdb_pipeline.not_null_fct_inference_requests_request_id.491b76382b
[0m18:16:38.240012 [debug] [Thread-1 (]: Began running node test.quackdb_pipeline.not_null_fct_inference_requests_status_code.041a386d9e
[0m18:16:38.240208 [info ] [Thread-1 (]: 5 of 9 START test not_null_fct_inference_requests_status_code .................. [RUN]
[0m18:16:38.240435 [debug] [Thread-1 (]: Re-using an available connection from the pool (formerly test.quackdb_pipeline.not_null_fct_inference_requests_request_id.491b76382b, now test.quackdb_pipeline.not_null_fct_inference_requests_status_code.041a386d9e)
[0m18:16:38.240607 [debug] [Thread-1 (]: Began compiling node test.quackdb_pipeline.not_null_fct_inference_requests_status_code.041a386d9e
[0m18:16:38.242507 [debug] [Thread-1 (]: Writing injected SQL for node "test.quackdb_pipeline.not_null_fct_inference_requests_status_code.041a386d9e"
[0m18:16:38.242805 [debug] [Thread-1 (]: Began executing node test.quackdb_pipeline.not_null_fct_inference_requests_status_code.041a386d9e
[0m18:16:38.243754 [debug] [Thread-1 (]: Writing runtime sql for node "test.quackdb_pipeline.not_null_fct_inference_requests_status_code.041a386d9e"
[0m18:16:38.244046 [debug] [Thread-1 (]: Using duckdb connection "test.quackdb_pipeline.not_null_fct_inference_requests_status_code.041a386d9e"
[0m18:16:38.244194 [debug] [Thread-1 (]: On test.quackdb_pipeline.not_null_fct_inference_requests_status_code.041a386d9e: BEGIN
[0m18:16:38.244329 [debug] [Thread-1 (]: Opening a new connection, currently in state closed
[0m18:16:38.244551 [debug] [Thread-1 (]: SQL status: OK in 0.000 seconds
[0m18:16:38.244694 [debug] [Thread-1 (]: Using duckdb connection "test.quackdb_pipeline.not_null_fct_inference_requests_status_code.041a386d9e"
[0m18:16:38.244846 [debug] [Thread-1 (]: On test.quackdb_pipeline.not_null_fct_inference_requests_status_code.041a386d9e: /* {"app": "dbt", "dbt_version": "1.11.12", "profile_name": "quackdb_profile", "target_name": "dev", "node_id": "test.quackdb_pipeline.not_null_fct_inference_requests_status_code.041a386d9e"} */

    
    select
      count(*) as failures,
      count(*) != 0 as should_warn,
      count(*) != 0 as should_error
    from (
      
    
  
    
    



select status_code
from "quackdb"."main"."fct_inference_requests"
where status_code is null



  
  
      
    ) dbt_internal_test
[0m18:16:38.245221 [debug] [Thread-1 (]: SQL status: OK in 0.000 seconds
[0m18:16:38.245820 [debug] [Thread-1 (]: On test.quackdb_pipeline.not_null_fct_inference_requests_status_code.041a386d9e: ROLLBACK
[0m18:16:38.246063 [debug] [Thread-1 (]: Failed to rollback 'test.quackdb_pipeline.not_null_fct_inference_requests_status_code.041a386d9e'
[0m18:16:38.246219 [debug] [Thread-1 (]: On test.quackdb_pipeline.not_null_fct_inference_requests_status_code.041a386d9e: Close
[0m18:16:38.246449 [info ] [Thread-1 (]: 5 of 9 PASS not_null_fct_inference_requests_status_code ........................ [[32mPASS[0m in 0.01s]
[0m18:16:38.246679 [debug] [Thread-1 (]: Finished running node test.quackdb_pipeline.not_null_fct_inference_requests_status_code.041a386d9e
[0m18:16:38.246839 [debug] [Thread-1 (]: Began running node test.quackdb_pipeline.not_null_stg_inference_logs_request_id.3c7c0f7a9a
[0m18:16:38.246999 [info ] [Thread-1 (]: 6 of 9 START test not_null_stg_inference_logs_request_id ....................... [RUN]
[0m18:16:38.247168 [debug] [Thread-1 (]: Re-using an available connection from the pool (formerly test.quackdb_pipeline.not_null_fct_inference_requests_status_code.041a386d9e, now test.quackdb_pipeline.not_null_stg_inference_logs_request_id.3c7c0f7a9a)
[0m18:16:38.247336 [debug] [Thread-1 (]: Began compiling node test.quackdb_pipeline.not_null_stg_inference_logs_request_id.3c7c0f7a9a
[0m18:16:38.249249 [debug] [Thread-1 (]: Writing injected SQL for node "test.quackdb_pipeline.not_null_stg_inference_logs_request_id.3c7c0f7a9a"
[0m18:16:38.249566 [debug] [Thread-1 (]: Began executing node test.quackdb_pipeline.not_null_stg_inference_logs_request_id.3c7c0f7a9a
[0m18:16:38.250494 [debug] [Thread-1 (]: Writing runtime sql for node "test.quackdb_pipeline.not_null_stg_inference_logs_request_id.3c7c0f7a9a"
[0m18:16:38.250953 [debug] [Thread-1 (]: Using duckdb connection "test.quackdb_pipeline.not_null_stg_inference_logs_request_id.3c7c0f7a9a"
[0m18:16:38.251243 [debug] [Thread-1 (]: On test.quackdb_pipeline.not_null_stg_inference_logs_request_id.3c7c0f7a9a: BEGIN
[0m18:16:38.251402 [debug] [Thread-1 (]: Opening a new connection, currently in state closed
[0m18:16:38.251793 [debug] [Thread-1 (]: SQL status: OK in 0.000 seconds
[0m18:16:38.252193 [debug] [Thread-1 (]: Using duckdb connection "test.quackdb_pipeline.not_null_stg_inference_logs_request_id.3c7c0f7a9a"
[0m18:16:38.252382 [debug] [Thread-1 (]: On test.quackdb_pipeline.not_null_stg_inference_logs_request_id.3c7c0f7a9a: /* {"app": "dbt", "dbt_version": "1.11.12", "profile_name": "quackdb_profile", "target_name": "dev", "node_id": "test.quackdb_pipeline.not_null_stg_inference_logs_request_id.3c7c0f7a9a"} */

    
    select
      count(*) as failures,
      count(*) != 0 as should_warn,
      count(*) != 0 as should_error
    from (
      
    
  
    
    



select request_id
from "quackdb"."main"."stg_inference_logs"
where request_id is null



  
  
      
    ) dbt_internal_test
[0m18:16:38.259352 [debug] [Thread-1 (]: SQL status: OK in 0.007 seconds
[0m18:16:38.260129 [debug] [Thread-1 (]: On test.quackdb_pipeline.not_null_stg_inference_logs_request_id.3c7c0f7a9a: ROLLBACK
[0m18:16:38.260442 [debug] [Thread-1 (]: Failed to rollback 'test.quackdb_pipeline.not_null_stg_inference_logs_request_id.3c7c0f7a9a'
[0m18:16:38.260590 [debug] [Thread-1 (]: On test.quackdb_pipeline.not_null_stg_inference_logs_request_id.3c7c0f7a9a: Close
[0m18:16:38.260844 [info ] [Thread-1 (]: 6 of 9 PASS not_null_stg_inference_logs_request_id ............................. [[32mPASS[0m in 0.01s]
[0m18:16:38.261092 [debug] [Thread-1 (]: Finished running node test.quackdb_pipeline.not_null_stg_inference_logs_request_id.3c7c0f7a9a
[0m18:16:38.261278 [debug] [Thread-1 (]: Began running node test.quackdb_pipeline.unique_dim_hardware_nodes_node_id.4417a76e9d
[0m18:16:38.261451 [info ] [Thread-1 (]: 7 of 9 START test unique_dim_hardware_nodes_node_id ............................ [RUN]
[0m18:16:38.261632 [debug] [Thread-1 (]: Re-using an available connection from the pool (formerly test.quackdb_pipeline.not_null_stg_inference_logs_request_id.3c7c0f7a9a, now test.quackdb_pipeline.unique_dim_hardware_nodes_node_id.4417a76e9d)
[0m18:16:38.261784 [debug] [Thread-1 (]: Began compiling node test.quackdb_pipeline.unique_dim_hardware_nodes_node_id.4417a76e9d
[0m18:16:38.267470 [debug] [Thread-1 (]: Writing injected SQL for node "test.quackdb_pipeline.unique_dim_hardware_nodes_node_id.4417a76e9d"
[0m18:16:38.267900 [debug] [Thread-1 (]: Began executing node test.quackdb_pipeline.unique_dim_hardware_nodes_node_id.4417a76e9d
[0m18:16:38.268883 [debug] [Thread-1 (]: Writing runtime sql for node "test.quackdb_pipeline.unique_dim_hardware_nodes_node_id.4417a76e9d"
[0m18:16:38.269194 [debug] [Thread-1 (]: Using duckdb connection "test.quackdb_pipeline.unique_dim_hardware_nodes_node_id.4417a76e9d"
[0m18:16:38.269346 [debug] [Thread-1 (]: On test.quackdb_pipeline.unique_dim_hardware_nodes_node_id.4417a76e9d: BEGIN
[0m18:16:38.269482 [debug] [Thread-1 (]: Opening a new connection, currently in state closed
[0m18:16:38.269767 [debug] [Thread-1 (]: SQL status: OK in 0.000 seconds
[0m18:16:38.269909 [debug] [Thread-1 (]: Using duckdb connection "test.quackdb_pipeline.unique_dim_hardware_nodes_node_id.4417a76e9d"
[0m18:16:38.270059 [debug] [Thread-1 (]: On test.quackdb_pipeline.unique_dim_hardware_nodes_node_id.4417a76e9d: /* {"app": "dbt", "dbt_version": "1.11.12", "profile_name": "quackdb_profile", "target_name": "dev", "node_id": "test.quackdb_pipeline.unique_dim_hardware_nodes_node_id.4417a76e9d"} */

    
    select
      count(*) as failures,
      count(*) != 0 as should_warn,
      count(*) != 0 as should_error
    from (
      
    
  
    
    

select
    node_id as unique_field,
    count(*) as n_records

from "quackdb"."main"."dim_hardware_nodes"
where node_id is not null
group by node_id
having count(*) > 1



  
  
      
    ) dbt_internal_test
[0m18:16:38.274095 [debug] [Thread-1 (]: SQL status: OK in 0.004 seconds
[0m18:16:38.274793 [debug] [Thread-1 (]: On test.quackdb_pipeline.unique_dim_hardware_nodes_node_id.4417a76e9d: ROLLBACK
[0m18:16:38.275065 [debug] [Thread-1 (]: Failed to rollback 'test.quackdb_pipeline.unique_dim_hardware_nodes_node_id.4417a76e9d'
[0m18:16:38.275209 [debug] [Thread-1 (]: On test.quackdb_pipeline.unique_dim_hardware_nodes_node_id.4417a76e9d: Close
[0m18:16:38.275446 [info ] [Thread-1 (]: 7 of 9 PASS unique_dim_hardware_nodes_node_id .................................. [[32mPASS[0m in 0.01s]
[0m18:16:38.275684 [debug] [Thread-1 (]: Finished running node test.quackdb_pipeline.unique_dim_hardware_nodes_node_id.4417a76e9d
[0m18:16:38.275853 [debug] [Thread-1 (]: Began running node test.quackdb_pipeline.unique_fct_inference_requests_request_id.7fd51e76b4
[0m18:16:38.276009 [info ] [Thread-1 (]: 8 of 9 START test unique_fct_inference_requests_request_id ..................... [RUN]
[0m18:16:38.276212 [debug] [Thread-1 (]: Re-using an available connection from the pool (formerly test.quackdb_pipeline.unique_dim_hardware_nodes_node_id.4417a76e9d, now test.quackdb_pipeline.unique_fct_inference_requests_request_id.7fd51e76b4)
[0m18:16:38.276362 [debug] [Thread-1 (]: Began compiling node test.quackdb_pipeline.unique_fct_inference_requests_request_id.7fd51e76b4
[0m18:16:38.278102 [debug] [Thread-1 (]: Writing injected SQL for node "test.quackdb_pipeline.unique_fct_inference_requests_request_id.7fd51e76b4"
[0m18:16:38.278402 [debug] [Thread-1 (]: Began executing node test.quackdb_pipeline.unique_fct_inference_requests_request_id.7fd51e76b4
[0m18:16:38.279612 [debug] [Thread-1 (]: Writing runtime sql for node "test.quackdb_pipeline.unique_fct_inference_requests_request_id.7fd51e76b4"
[0m18:16:38.279973 [debug] [Thread-1 (]: Using duckdb connection "test.quackdb_pipeline.unique_fct_inference_requests_request_id.7fd51e76b4"
[0m18:16:38.280157 [debug] [Thread-1 (]: On test.quackdb_pipeline.unique_fct_inference_requests_request_id.7fd51e76b4: BEGIN
[0m18:16:38.280301 [debug] [Thread-1 (]: Opening a new connection, currently in state closed
[0m18:16:38.280548 [debug] [Thread-1 (]: SQL status: OK in 0.000 seconds
[0m18:16:38.280729 [debug] [Thread-1 (]: Using duckdb connection "test.quackdb_pipeline.unique_fct_inference_requests_request_id.7fd51e76b4"
[0m18:16:38.280907 [debug] [Thread-1 (]: On test.quackdb_pipeline.unique_fct_inference_requests_request_id.7fd51e76b4: /* {"app": "dbt", "dbt_version": "1.11.12", "profile_name": "quackdb_profile", "target_name": "dev", "node_id": "test.quackdb_pipeline.unique_fct_inference_requests_request_id.7fd51e76b4"} */

    
    select
      count(*) as failures,
      count(*) != 0 as should_warn,
      count(*) != 0 as should_error
    from (
      
    
  
    
    

select
    request_id as unique_field,
    count(*) as n_records

from "quackdb"."main"."fct_inference_requests"
where request_id is not null
group by request_id
having count(*) > 1



  
  
      
    ) dbt_internal_test
[0m18:16:38.293473 [debug] [Thread-1 (]: SQL status: OK in 0.012 seconds
[0m18:16:38.294421 [debug] [Thread-1 (]: On test.quackdb_pipeline.unique_fct_inference_requests_request_id.7fd51e76b4: ROLLBACK
[0m18:16:38.294767 [debug] [Thread-1 (]: Failed to rollback 'test.quackdb_pipeline.unique_fct_inference_requests_request_id.7fd51e76b4'
[0m18:16:38.294932 [debug] [Thread-1 (]: On test.quackdb_pipeline.unique_fct_inference_requests_request_id.7fd51e76b4: Close
[0m18:16:38.295219 [info ] [Thread-1 (]: 8 of 9 PASS unique_fct_inference_requests_request_id ........................... [[32mPASS[0m in 0.02s]
[0m18:16:38.295473 [debug] [Thread-1 (]: Finished running node test.quackdb_pipeline.unique_fct_inference_requests_request_id.7fd51e76b4
[0m18:16:38.295648 [debug] [Thread-1 (]: Began running node test.quackdb_pipeline.unique_stg_inference_logs_request_id.dd87439dcc
[0m18:16:38.295843 [info ] [Thread-1 (]: 9 of 9 START test unique_stg_inference_logs_request_id ......................... [RUN]
[0m18:16:38.296057 [debug] [Thread-1 (]: Re-using an available connection from the pool (formerly test.quackdb_pipeline.unique_fct_inference_requests_request_id.7fd51e76b4, now test.quackdb_pipeline.unique_stg_inference_logs_request_id.dd87439dcc)
[0m18:16:38.296215 [debug] [Thread-1 (]: Began compiling node test.quackdb_pipeline.unique_stg_inference_logs_request_id.dd87439dcc
[0m18:16:38.298306 [debug] [Thread-1 (]: Writing injected SQL for node "test.quackdb_pipeline.unique_stg_inference_logs_request_id.dd87439dcc"
[0m18:16:38.299164 [debug] [Thread-1 (]: Began executing node test.quackdb_pipeline.unique_stg_inference_logs_request_id.dd87439dcc
[0m18:16:38.300366 [debug] [Thread-1 (]: Writing runtime sql for node "test.quackdb_pipeline.unique_stg_inference_logs_request_id.dd87439dcc"
[0m18:16:38.300778 [debug] [Thread-1 (]: Using duckdb connection "test.quackdb_pipeline.unique_stg_inference_logs_request_id.dd87439dcc"
[0m18:16:38.300946 [debug] [Thread-1 (]: On test.quackdb_pipeline.unique_stg_inference_logs_request_id.dd87439dcc: BEGIN
[0m18:16:38.301096 [debug] [Thread-1 (]: Opening a new connection, currently in state closed
[0m18:16:38.301397 [debug] [Thread-1 (]: SQL status: OK in 0.000 seconds
[0m18:16:38.301546 [debug] [Thread-1 (]: Using duckdb connection "test.quackdb_pipeline.unique_stg_inference_logs_request_id.dd87439dcc"
[0m18:16:38.301705 [debug] [Thread-1 (]: On test.quackdb_pipeline.unique_stg_inference_logs_request_id.dd87439dcc: /* {"app": "dbt", "dbt_version": "1.11.12", "profile_name": "quackdb_profile", "target_name": "dev", "node_id": "test.quackdb_pipeline.unique_stg_inference_logs_request_id.dd87439dcc"} */

    
    select
      count(*) as failures,
      count(*) != 0 as should_warn,
      count(*) != 0 as should_error
    from (
      
    
  
    
    

select
    request_id as unique_field,
    count(*) as n_records

from "quackdb"."main"."stg_inference_logs"
where request_id is not null
group by request_id
having count(*) > 1



  
  
      
    ) dbt_internal_test
[0m18:16:38.334255 [debug] [Thread-1 (]: SQL status: OK in 0.032 seconds
[0m18:16:38.335591 [debug] [Thread-1 (]: On test.quackdb_pipeline.unique_stg_inference_logs_request_id.dd87439dcc: ROLLBACK
[0m18:16:38.335977 [debug] [Thread-1 (]: Failed to rollback 'test.quackdb_pipeline.unique_stg_inference_logs_request_id.dd87439dcc'
[0m18:16:38.336160 [debug] [Thread-1 (]: On test.quackdb_pipeline.unique_stg_inference_logs_request_id.dd87439dcc: Close
[0m18:16:38.336468 [info ] [Thread-1 (]: 9 of 9 PASS unique_stg_inference_logs_request_id ............................... [[32mPASS[0m in 0.04s]
[0m18:16:38.336729 [debug] [Thread-1 (]: Finished running node test.quackdb_pipeline.unique_stg_inference_logs_request_id.dd87439dcc
[0m18:16:38.337368 [debug] [MainThread]: Using duckdb connection "master"
[0m18:16:38.337534 [debug] [MainThread]: On master: BEGIN
[0m18:16:38.337664 [debug] [MainThread]: Opening a new connection, currently in state closed
[0m18:16:38.337936 [debug] [MainThread]: SQL status: OK in 0.000 seconds
[0m18:16:38.338058 [debug] [MainThread]: On master: COMMIT
[0m18:16:38.338173 [debug] [MainThread]: Using duckdb connection "master"
[0m18:16:38.338284 [debug] [MainThread]: On master: COMMIT
[0m18:16:38.338468 [debug] [MainThread]: SQL status: OK in 0.000 seconds
[0m18:16:38.338586 [debug] [MainThread]: On master: Close
[0m18:16:38.338750 [debug] [MainThread]: Connection 'master' was properly closed.
[0m18:16:38.338868 [debug] [MainThread]: Connection 'test.quackdb_pipeline.unique_stg_inference_logs_request_id.dd87439dcc' was properly closed.
[0m18:16:38.339009 [info ] [MainThread]: 
[0m18:16:38.339150 [info ] [MainThread]: Finished running 9 data tests in 0 hours 0 minutes and 0.21 seconds (0.21s).
[0m18:16:38.339813 [debug] [MainThread]: Command end result
[0m18:16:38.354824 [debug] [MainThread]: Wrote artifact WritableManifest to /Users/samarth16/projectos/Quackdb/QuackDB/dbt_pipeline/target/manifest.json
[0m18:16:38.356617 [debug] [MainThread]: Wrote artifact SemanticManifest to /Users/samarth16/projectos/Quackdb/QuackDB/dbt_pipeline/target/semantic_manifest.json
[0m18:16:38.360117 [debug] [MainThread]: Wrote artifact RunExecutionResult to /Users/samarth16/projectos/Quackdb/QuackDB/dbt_pipeline/target/run_results.json
[0m18:16:38.360293 [info ] [MainThread]: 
[0m18:16:38.360469 [info ] [MainThread]: [32mCompleted successfully[0m
[0m18:16:38.360608 [info ] [MainThread]: 
[0m18:16:38.360755 [info ] [MainThread]: Done. PASS=9 WARN=0 ERROR=0 SKIP=0 NO-OP=0 TOTAL=9
[0m18:16:38.362718 [debug] [MainThread]: Resource report: {"command_name": "test", "command_success": true, "command_wall_clock_time": 0.946898, "process_in_blocks": "0", "process_kernel_time": 0.259656, "process_mem_max_rss": "206782464", "process_out_blocks": "0", "process_user_time": 1.29988}
[0m18:16:38.362972 [debug] [MainThread]: Command `dbt test` succeeded at 18:16:38.362929 after 0.95 seconds
[0m18:16:38.363158 [debug] [MainThread]: Sending event: {'category': 'dbt', 'action': 'invocation', 'label': 'end', 'context': [<snowplow_tracker.self_describing_json.SelfDescribingJson object at 0x10dace150>, <snowplow_tracker.self_describing_json.SelfDescribingJson object at 0x10e522200>, <snowplow_tracker.self_describing_json.SelfDescribingJson object at 0x10e522990>]}
[0m18:16:38.363328 [debug] [MainThread]: Flushing usage events
[0m18:16:38.492760 [debug] [MainThread]: An error was encountered while trying to flush usage events
